ORF	UTR5_length	UTR3_length
YAL067C	33	222
YAL063C-A	932	32
YAL054C	51	163
YAL049C	66	119
YAL047C	29	55
YAL046C	24	122
YAL044C	14	89
YAL043C	22	81
YAL040C	321	177
YAL039C	56	69
YAL037C-A	192	55
YAL036C	37	193
YAL034C	620	114
YAL032C	20	131
YAL031C	41	125
YAL029C	252	61
YAL026C	86	144
YAL025C	29	187
YAL023C	100	115
YAL022C	16	64
YAL021C	61	230
YAL020C	17	111
YAL018C	50	138
YAL015C	0	66
YAL014C	40	148
YAL010C	34	109
YAL007C	69	146
YAL005C	62	146
YAR002C-A	26	115
YAR007C	63	73
YAR014C	145	178
YAR018C	16	111
YAR019C	16	73
YAR023C	554	33
YAL064W-B	728	554
YAL062W	38	86
YAL061W	97	167
YAL060W	48	112
YAL059W	6	197
YAL058W	49	132
YAL056W	40	98
YAL055W	7	94
YAL053W	140	65
YAL051W	27	80
YAL047W-A	322	150
YAL044W-A	12	131
YAL042W	29	94
YAL041W	64	62
YAL038W	38	147
YAL037W	143	143
YAL035W	35	120
YAL034W-A	26	88
YAL033W	10	79
YAL030W	22	133
YAL028W	51	43
YAL027W	80	101
YAL019W	110	49
YAL016W	81	84
YAL013W	34	101
YAL012W	55	99
YAL011W	14	106
YAL009W	25	111
YAL008W	48	132
YAL004W	1963	745
YAL003W	33	210
YAL002W	95	56
YAR002W	42	100
YAR003W	61	495
YAR008W	89	97
YAR015W	89	120
YAR027W	95	83
YAR028W	39	198
YAR029W	1189	264
YAR033W	60	93
YAR035W	44	104
YAR042W	36	164
YJL216C	844	199
YJL215C	1571	338
YJL212C	32	186
YJL211C	529	582
YJL208C	52	114
YJL206C	150	87
YJL205C	19	118
YJL204C	26	72
YJL200C	23	147
YJL199C	367	226
YJL196C	28	135
YJL192C	24	107
YJL190C	22	141
YJL187C	93	103
YJL185C	57	178
YJL180C	16	102
YJL178C	22	98
YJL176C	58	235
YJL173C	8	77
YJL171C	32	170
YJL170C	108	27
YJL168C	93	184
YJL165C	154	20
YJL164C	219	112
YJL163C	64	61
YJL162C	49	113
YJL160C	33	78
YJL158C	37	173
YJL156C	58	385
YJL155C	143	162
YJL154C	68	57
YJL153C	4	139
YJL151C	33	73
YJL147C	81	171
YJL142C	1036	9
YJL141C	88	157
YJL139C	83	142
YJL138C	57	204
YJL137C	74	123
YJL136C	33	147
YJL133C-A	29	170
YJL131C	28	97
YJL129C	287	70
YJL128C	221	45
YJL127C-B	99	250
YJL127C	68	475
YJL125C	39	91
YJL124C	151	214
YJL123C	30	95
YJL121C	24	80
YJL119C	341	411
YJL116C	205	314
YJL110C	91	108
YJL108C	751	173
YJL107C	104	724
YJL103C	174	194
YJL101C	143	154
YJL094C	45	138
YJL093C	4	109
YJL091C	8	153
YJL090C	44	83
YJL087C	114	200
YJL084C	141	145
YJL081C	41	176
YJL080C	201	121
YJL079C	164	184
YJL078C	81	342
YJL074C	23	96
YJL072C	37	152
YJL070C	31	90
YJL069C	22	89
YJL068C	32	103
YJL066C	29	214
YJL065C	29	123
YJL063C	23	79
YJL058C	54	35
YJL057C	66	82
YJL056C	101	111
YJL048C	56	140
YJL047C-A	183	320
YJL047C	111	79
YJL044C	49	261
YJL038C	36	15
YJL035C	53	84
YJL031C	20	107
YJL029C	33	100
YJL027C	68	61
YJL024C	31	233
YJL023C	17	80
YJL020C	84	149
YJL012C	20	79
YJL011C	28	164
YJL010C	37	83
YJL008C	33	163
YJL006C	53	53
YJL004C	13	270
YJL002C	44	111
YJR003C	22	87
YJR004C	35	232
YJR009C	48	119
YJR010C-A	30	238
YJR011C	45	91
YJR016C	15	135
YJR017C	14	242
YJR019C	19	75
YJR021C	35	98
YJR025C	100	152
YJR031C	86	133
YJR036C	256	125
YJR041C	73	174
YJR043C	54	138
YJR044C	82	177
YJR045C	139	219
YJR047C	54	110
YJR049C	26	132
YJR056C	166	132
YJR058C	70	46
YJR062C	17	629
YJR065C	30	163
YJR067C	14	151
YJR069C	33	147
YJR070C	57	110
YJR072C	33	77
YJR073C	34	89
YJR076C	48	134
YJR077C	40	151
YJR080C	31	129
YJR082C	107	197
YJR083C	25	94
YJR085C	44	88
YJR088C	37	267
YJR091C	70	283
YJR093C	58	111
YJR094C	197	163
YJR098C	47	150
YJR100C	34	72
YJR102C	79	137
YJR104C	48	71
YJR109C	57	103
YJR113C	57	73
YJR118C	48	102
YJR119C	30	65
YJR124C	27	141
YJR125C	60	91
YJR126C	9	77
YJR129C	56	173
YJR130C	51	135
YJR134C	41	97
YJR135C	34	194
YJR136C	18	86
YJR139C	64	83
YJR143C	47	136
YJR145C	33	84
YJR150C	37	107
YJL218W	45	146
YJL217W	65	113
YJL213W	348	222
YJL210W	111	63
YJL209W	73	93
YJL203W	39	147
YJL201W	25	68
YJL198W	45	90
YJL197W	40	75
YJL194W	38	130
YJL193W	19	95
YJL191W	30	114
YJL189W	26	181
YJL186W	29	118
YJL184W	41	76
YJL183W	65	92
YJL181W	22	84
YJL179W	62	133
YJL177W	63	105
YJL175W	2211	415
YJL174W	115	182
YJL172W	33	128
YJL167W	70	115
YJL166W	60	163
YJL161W	24	154
YJL159W	54	311
YJL152W	1014	372
YJL149W	27	64
YJL148W	57	183
YJL146W	117	229
YJL145W	35	83
YJL144W	33	232
YJL143W	40	259
YJL140W	99	68
YJL135W	2	1313
YJL134W	50	90
YJL133W	97	140
YJL132W	22	117
YJL126W	26	121
YJL122W	17	120
YJL120W	486	1127
YJL118W	9	174
YJL117W	50	162
YJL115W	76	102
YJL112W	25	137
YJL111W	51	168
YJL106W	763	139
YJL104W	33	176
YJL102W	31	115
YJL100W	65	81
YJL099W	88	341
YJL097W	49	73
YJL096W	41	71
YJL092W	214	93
YJL088W	22	80
YJL085W	68	111
YJL083W	55	377
YJL082W	111	213
YJL077W-B	2045	897
YJL077W-A	970	162
YJL076W	39	136
YJL073W	98	93
YJL071W	57	119
YJL062W-A	29	184
YJL062W	25	93
YJL061W	40	167
YJL060W	44	97
YJL059W	35	84
YJL055W	22	66
YJL054W	19	83
YJL053W	43	167
YJL052W	74	129
YJL051W	75	90
YJL050W	48	59
YJL049W	23	77
YJL046W	32	67
YJL045W	29	211
YJL043W	1443	314
YJL042W	108	155
YJL041W	58	129
YJL036W	109	154
YJL034W	38	196
YJL033W	32	81
YJL030W	38	139
YJL026W	58	141
YJL025W	62	148
YJL022W	92	478
YJL019W	103	536
YJL016W	170	116
YJL014W	35	154
YJL003W	57	210
YJL001W	37	153
YJR001W	56	120
YJR002W	15	344
YJR005W	42	137
YJR006W	8	76
YJR007W	96	127
YJR008W	111	100
YJR010W	79	129
YJR013W	40	94
YJR014W	39	201
YJR015W	16	82
YJR018W	210	126
YJR020W	531	311
YJR032W	23	121
YJR034W	75	139
YJR035W	11	149
YJR040W	44	69
YJR042W	23	125
YJR046W	27	42
YJR048W	46	183
YJR050W	23	271
YJR051W	32	79
YJR052W	26	60
YJR053W	68	1394
YJR054W	93	103
YJR055W	10	407
YJR057W	7	69
YJR059W	75	124
YJR060W	56	586
YJR063W	32	145
YJR064W	50	56
YJR068W	48	71
YJR074W	750	101
YJR075W	49	172
YJR084W	23	128
YJR086W	29	17
YJR089W	118	80
YJR094W-A	34	130
YJR095W	97	193
YJR096W	85	81
YJR097W	79	128
YJR099W	90	85
YJR101W	66	140
YJR103W	44	74
YJR105W	38	45
YJR106W	35	183
YJR107W	803	110
YJR110W	126	145
YJR112W	32	77
YJR112W-A	20	104
YJR115W	642	293
YJR116W	108	151
YJR117W	30	133
YJR121W	193	258
YJR122W	62	66
YJR123W	28	120
YJR131W	36	70
YJR132W	61	164
YJR133W	55	106
YJR135W-A	20	124
YJR141W	25	105
YJR142W	21	105
YJR144W	28	66
YJR146W	284	1155
YJR147W	90	359
YJR148W	57	146
YJR149W	915	37
YJR152W	237	89
YJR153W	68	84
YJR155W	876	57
YKL222C	126	275
YKL220C	155	176
YKL218C	72	200
YKL214C	64	66
YKL213C	29	70
YKL206C	27	66
YKL198C	103	120
YKL197C	32	418
YKL196C	47	160
YKL194C	39	209
YKL193C	34	106
YKL192C	40	137
YKL186C	113	100
YKL179C	23	127
YKL178C	126	277
YKL176C	346	142
YKL174C	86	90
YKL169C	123	396
YKL168C	10	166
YKL167C	20	161
YKL166C	169	220
YKL165C	44	152
YKL164C	75	235
YKL162C	76	335
YKL161C	169	324
YKL159C	40	115
YKL155C	30	45
YKL152C	23	142
YKL151C	5	1109
YKL149C	20	129
YKL148C	152	180
YKL144C	54	127
YKL138C-A	22	282
YKL138C	94	115
YKL135C	112	121
YKL134C	52	263
YKL133C	23	55
YKL132C	136	157
YKL130C	52	130
YKL129C	92	106
YKL128C	26	190
YKL122C	34	90
YKL119C	40	137
YKL116C	200	142
YKL114C	34	85
YKL113C	26	108
YKL110C	53	130
YKL106C-A	3	533
YKL105C	199	197
YKL104C	188	230
YKL103C	70	177
YKL100C	23	241
YKL099C	75	104
YKL092C	76	130
YKL091C	36	102
YKL087C	99	127
YKL082C	50	140
YKL076C	1113	45
YKL075C	85	170
YKL074C	21	74
YKL065C	36	106
YKL063C	152	171
YKL060C	24	77
YKL059C	64	105
YKL057C	49	57
YKL056C	43	168
YKL055C	34	191
YKL054C	110	215
YKL053C-A	70	112
YKL052C	37	40
YKL049C	39	112
YKL048C	85	141
YKL046C	239	220
YKL040C	44	265
YKL036C	71	331
YKL029C	49	114
YKL026C	99	188
YKL025C	31	71
YKL024C	212	99
YKL020C	36	90
YKL018C-A	53	89
YKL017C	8	93
YKL016C	71	105
YKL013C	35	178
YKL011C	17	91
YKL010C	104	59
YKL008C	124	139
YKL006C-A	42	84
YKL005C	121	179
YKL003C	41	107
YKL001C	70	92
YKR001C	48	139
YKR004C	43	70
YKR005C	89	173
YKR006C	19	91
YKR009C	77	135
YKR010C	91	127
YKR011C	97	118
YKR012C	884	81
YKR014C	130	95
YKR015C	700	201
YKR017C	111	174
YKR018C	27	159
YKR019C	90	88
YKR022C	52	127
YKR024C	27	83
YKR026C	84	179
YKR029C	5	107
YKR036C	30	119
YKR037C	34	156
YKR038C	18	118
YKR043C	32	139
YKR045C	28	639
YKR046C	9	164
YKR048C	23	132
YKR049C	17	63
YKR052C	98	357
YKR053C	391	87
YKR063C	11	132
YKR065C	29	136
YKR066C	20	98
YKR068C	48	135
YKR071C	43	254
YKR072C	151	100
YKR075C	49	144
YKR079C	239	146
YKR081C	29	85
YKR083C	48	146
YKR084C	52	108
YKR085C	14	88
YKR087C	22	100
YKR088C	13	73
YKR089C	77	88
YKR092C	29	165
YKR094C	39	164
YKR098C	130	84
YKR100C	360	171
YKL217W	66	115
YKL216W	50	289
YKL212W	201	94
YKL210W	43	14
YKL208W	17	113
YKL207W	31	74
YKL205W	35	119
YKL204W	34	158
YKL195W	34	145
YKL191W	24	102
YKL190W	38	168
YKL189W	99	172
YKL185W	348	113
YKL184W	160	278
YKL183W	151	142
YKL181W	176	119
YKL180W	27	92
YKL175W	46	102
YKL173W	25	103
YKL172W	29	110
YKL171W	80	149
YKL170W	73	146
YKL163W	765	349
YKL160W	15	92
YKL157W	24	144
YKL156W	23	221
YKL154W	80	65
YKL150W	90	113
YKL146W	58	86
YKL145W	49	103
YKL145W-A	781	669
YKL143W	46	102
YKL142W	53	140
YKL141W	27	118
YKL140W	250	163
YKL139W	188	63
YKL137W	66	157
YKL127W	40	144
YKL126W	202	73
YKL125W	93	159
YKL124W	124	156
YKL123W	1542	76
YKL121W	211	124
YKL120W	116	173
YKL117W	39	203
YKL112W	148	141
YKL109W	271	352
YKL108W	51	67
YKL107W	34	141
YKL106W	100	129
YKL101W	261	56
YKL098W	30	94
YKL096W-A	38	174
YKL096W	42	99
YKL094W	23	89
YKL093W	61	185
YKL090W	9	165
YKL089W	25	97
YKL088W	29	210
YKL086W	24	75
YKL085W	94	366
YKL084W	42	177
YKL083W	758	2603
YKL081W	33	212
YKL080W	95	63
YKL079W	65	73
YKL078W	33	87
YKL077W	64	244
YKL073W	39	84
YKL072W	238	584
YKL071W	772	87
YKL069W	18	62
YKL068W-A	38	244
YKL068W	96	102
YKL067W	70	199
YKL065W-A	40	108
YKL064W	157	36
YKL062W	98	209
YKL061W	17	245
YKL058W	30	239
YKL053W	419	1280
YKL051W	150	301
YKL047W	31	109
YKL045W	67	103
YKL044W	76	68
YKL043W	267	174
YKL042W	138	214
YKL041W	94	77
YKL039W	139	235
YKL038W	235	166
YKL035W	74	153
YKL034W	91	87
YKL033W-A	80	70
YKL033W	17	287
YKL028W	30	307
YKL027W	71	117
YKL023W	27	703
YKL019W	36	76
YKL018W	40	126
YKL015W	98	102
YKL012W	53	127
YKL009W	42	109
YKL007W	29	147
YKL006W	49	90
YKL004W	347	127
YKL002W	62	92
YKR002W	225	76
YKR003W	86	105
YKR007W	23	84
YKR008W	27	118
YKR013W	45	127
YKR016W	46	223
YKR020W	17	237
YKR021W	69	160
YKR023W	48	84
YKR025W	31	68
YKR027W	61	87
YKR028W	375	175
YKR030W	52	116
YKR035W-A	30	128
YKR039W	43	126
YKR041W	6	414
YKR042W	207	228
YKR044W	85	68
YKR050W	949	93
YKR051W	133	76
YKR055W	42	306
YKR057W	24	206
YKR058W	139	105
YKR059W	28	127
YKR060W	37	121
YKR061W	82	77
YKR062W	61	148
YKR064W	37	158
YKR067W	90	155
YKR069W	104	35
YKR070W	17	184
YKR074W	35	130
YKR075W-A	995	343
YKR076W	73	75
YKR077W	25	84
YKR078W	17	50
YKR080W	140	134
YKR082W	21	80
YKR086W	21	93
YKR090W	154	160
YKR091W	45	119
YKR093W	110	200
YKR095W-A	32	121
YKR096W	247	110
YKR097W	141	31
YKR099W	265	108
YKR101W	10	227
YKR104W	867	295
YLL063C	304	44
YLL062C	70	98
YLL060C	857	222
YLL059C	216	1558
YLL056C	949	121
YLL054C	28	360
YLL051C	23	179
YLL050C	25	124
YLL045C	23	91
YLL042C	36	74
YLL041C	54	354
YLL039C	104	119
YLL038C	34	589
YLL036C	27	73
YLL034C	38	115
YLL032C	105	463
YLL031C	67	93
YLL024C	35	134
YLL023C	43	120
YLL022C	8	64
YLL020C	567	35
YLL018C-A	58	606
YLL018C	33	162
YLL013C	242	397
YLL010C	222	352
YLL009C	42	120
YLL007C	87	122
YLR001C	31	61
YLR002C	38	80
YLR003C	24	89
YLR004C	59	66
YLR006C	175	81
YLR008C	87	235
YLR010C	11	126
YLR016C	42	89
YLR018C	56	100
YLR020C	39	170
YLR022C	24	62
YLR023C	127	408
YLR026C	102	109
YLR027C	28	63
YLR028C	163	96
YLR029C	23	130
YLR034C	165	160
YLR035C	22	266
YLR036C	48	197
YLR037C	945	151
YLR038C	57	163
YLR040C	80	138
YLR042C	52	106
YLR043C	35	129
YLR044C	38	82
YLR045C	68	95
YLR046C	1265	49
YLR047C	229	732
YLR049C	177	103
YLR050C	35	92
YLR051C	26	101
YLR053C	22	105
YLR055C	39	30
YLR058C	44	143
YLR059C	36	184
YLR065C	42	112
YLR067C	90	79
YLR069C	19	144
YLR071C	35	140
YLR073C	105	79
YLR074C	39	105
YLR078C	53	86
YLR082C	41	341
YLR083C	123	166
YLR084C	51	91
YLR085C	33	103
YLR089C	195	137
YLR093C	67	181
YLR094C	34	119
YLR095C	33	58
YLR097C	60	93
YLR098C	12	145
YLR099C	46	106
YLR102C	18	137
YLR103C	70	78
YLR105C	36	89
YLR108C	74	142
YLR110C	43	92
YLR114C	65	388
YLR117C	14	135
YLR118C	43	120
YLR120C	113	345
YLR121C	26	135
YLR122C	318	544
YLR123C	258	235
YLR126C	73	231
YLR127C	79	160
YLR130C	134	68
YLR131C	234	74
YLR132C	56	335
YLR136C	41	246
YLR139C	26	162
YLR144C	19	113
YLR146C	30	86
YLR147C	31	108
YLR149C	59	189
YLR151C	1	276
YLR152C	141	86
YLR153C	40	256
YLR154C	62	73
YLR163C	28	125
YLR165C	8	83
YLR166C	36	58
YLR168C	32	125
YLR170C	35	254
YLR172C	28	111
YLR178C	78	54
YLR179C	66	94
YLR181C	74	112
YLR183C	47	150
YLR189C	67	117
YLR192C	49	221
YLR193C	53	175
YLR194C	20	67
YLR195C	31	158
YLR199C	52	147
YLR201C	33	106
YLR202C	1388	266
YLR203C	64	136
YLR205C	45	75
YLR209C	15	129
YLR211C	54	363
YLR212C	27	147
YLR213C	45	130
YLR215C	42	113
YLR216C	28	95
YLR221C	45	225
YLR222C	28	98
YLR225C	44	130
YLR227C	338	125
YLR228C	203	89
YLR229C	204	90
YLR231C	37	103
YLR233C	34	295
YLR235C	896	1682
YLR236C	709	1944
YLR239C	30	106
YLR242C	80	33
YLR244C	29	63
YLR245C	18	192
YLR254C	95	77
YLR255C	29	68
YLR259C	40	140
YLR261C	377	243
YLR262C	49	248
YLR262C-A	38	109
YLR266C	23	39
YLR272C	72	78
YLR273C	233	159
YLR276C	90	86
YLR277C	148	63
YLR280C	168	374
YLR281C	41	384
YLR284C	43	85
YLR285C-A	556	7
YLR286C	220	171
YLR287C	67	247
YLR287C-A	35	195
YLR288C	25	137
YLR290C	15	117
YLR291C	32	145
YLR292C	19	150
YLR293C	52	135
YLR294C	382	27
YLR295C	44	247
YLR298C	27	76
YLR304C	39	203
YLR309C	33	55
YLR311C	1364	47
YLR312C	108	214
YLR313C	52	447
YLR314C	54	104
YLR316C	30	74
YLR319C	62	182
YLR321C	21	318
YLR323C	27	196
YLR325C	21	248
YLR327C	83	172
YLR333C	40	125
YLR336C	41	106
YLR337C	65	122
YLR346C	61	153
YLR347C	120	331
YLR348C	27	79
YLR351C	21	127
YLR354C	41	152
YLR355C	79	223
YLR361C	21	394
YLR361C-A	23	144
YLR363C	60	436
YLR370C	40	168
YLR373C	21	91
YLR376C	34	88
YLR378C	205	166
YLR382C	82	82
YLR387C	71	94
YLR389C	28	141
YLR392C	179	92
YLR395C	43	271
YLR396C	43	56
YLR397C	32	112
YLR398C	40	72
YLR399C	46	253
YLR401C	42	50
YLR406C	34	174
YLR406C-A	1341	522
YLR408C	12	84
YLR409C	48	51
YLR412C-A	308	1131
YLR414C	110	111
YLR415C	186	986
YLR418C	62	257
YLR421C	37	231
YLR423C	39	229
YLR428C	73	130
YLR431C	157	208
YLR433C	118	263
YLR436C	84	20
YLR437C	46	154
YLR437C-A	627	986
YLR438C-A	53	104
YLR440C	55	123
YLR441C	28	217
YLR442C	38	99
YLR447C	45	152
YLR452C	159	201
YLR453C	32	804
YLR457C	16	148
YLR460C	46	57
YLL061W	16	132
YLL058W	90	105
YLL055W	304	36
YLL043W	55	169
YLL037W	887	607
YLL035W	122	136
YLL033W	1	529
YLL029W	124	104
YLL028W	149	391
YLL027W	147	125
YLL026W	56	90
YLL025W	28	207
YLL015W	119	65
YLL014W	18	152
YLL012W	49	87
YLL011W	19	89
YLL008W	30	111
YLL006W	38	575
YLL004W	11	75
YLL003W	10	60
YLL002W	24	74
YLL001W	53	167
YLR005W	37	187
YLR007W	14	63
YLR009W	140	128
YLR011W	81	271
YLR015W	53	196
YLR017W	13	80
YLR019W	298	247
YLR021W	32	48
YLR025W	57	118
YLR032W	32	52
YLR033W	53	193
YLR041W	271	926
YLR048W	32	234
YLR052W	25	141
YLR056W	69	127
YLR057W	65	90
YLR060W	37	119
YLR061W	31	91
YLR064W	46	86
YLR066W	35	108
YLR068W	25	114
YLR072W	20	58
YLR075W	26	141
YLR077W	42	157
YLR079W	48	140
YLR080W	18	81
YLR081W	52	217
YLR086W	56	367
YLR088W	32	170
YLR090W	39	127
YLR091W	32	314
YLR099W-A	68	61
YLR100W	27	93
YLR104W	40	68
YLR107W	16	104
YLR109W	37	68
YLR111W	731	642
YLR112W	43	366
YLR113W	162	134
YLR115W	24	148
YLR116W	4	202
YLR120W-A	178	27
YLR125W	1522	883
YLR128W	41	229
YLR129W	56	113
YLR133W	30	462
YLR134W	43	123
YLR135W	59	153
YLR137W	18	49
YLR138W	158	73
YLR141W	25	409
YLR142W	30	130
YLR143W	28	98
YLR145W	17	51
YLR146W-A	15	103
YLR148W	38	141
YLR150W	56	164
YLR164W	319	101
YLR167W	57	69
YLR173W	66	359
YLR174W	216	96
YLR175W	38	136
YLR177W	45	72
YLR180W	56	253
YLR182W	43	124
YLR185W	29	97
YLR186W	50	82
YLR187W	231	137
YLR188W	73	201
YLR190W	375	381
YLR191W	49	88
YLR196W	69	132
YLR197W	40	181
YLR200W	37	134
YLR204W	24	153
YLR207W	9	67
YLR208W	90	243
YLR210W	65	173
YLR214W	83	131
YLR217W	72	243
YLR219W	195	159
YLR220W	148	169
YLR224W	156	92
YLR226W	49	511
YLR234W	40	519
YLR237W	67	186
YLR238W	73	116
YLR240W	40	164
YLR241W	47	103
YLR243W	60	87
YLR246W	25	70
YLR248W	71	137
YLR249W	40	129
YLR250W	53	137
YLR251W	115	262
YLR252W	596	57
YLR253W	73	75
YLR257W	186	101
YLR258W	67	359
YLR260W	128	165
YLR263W	498	77
YLR264W	22	651
YLR267W	68	97
YLR268W	57	121
YLR270W	92	200
YLR271W	158	116
YLR274W	24	132
YLR275W	51	252
YLR283W	24	75
YLR285W	14	158
YLR286W-A	112	392
YLR289W	30	111
YLR296W	287	465
YLR297W	113	296
YLR299W	145	129
YLR300W	113	241
YLR301W	30	121
YLR303W	41	105
YLR306W	67	110
YLR307W	77	98
YLR312W-A	23	122
YLR315W	35	862
YLR317W	882	132
YLR324W	64	99
YLR326W	91	128
YLR328W	180	171
YLR330W	28	145
YLR332W	371	189
YLR335W	23	96
YLR340W	51	87
YLR342W-A	1204	168
YLR344W	26	105
YLR345W	71	83
YLR350W	81	105
YLR352W	146	97
YLR353W	466	152
YLR356W	43	138
YLR357W	49	191
YLR359W	82	131
YLR360W	74	139
YLR362W	42	113
YLR363W-A	21	166
YLR364W	50	68
YLR367W	41	54
YLR368W	54	35
YLR372W	144	163
YLR375W	51	92
YLR380W	93	110
YLR381W	51	17
YLR383W	82	64
YLR386W	30	118
YLR388W	46	86
YLR390W	193	76
YLR390W-A	48	133
YLR393W	44	927
YLR394W	492	110
YLR400W	122	22
YLR403W	640	65
YLR404W	29	112
YLR405W	7	141
YLR407W	244	216
YLR411W	31	169
YLR412W	26	237
YLR413W	36	133
YLR417W	87	96
YLR419W	61	82
YLR420W	32	81
YLR424W	25	102
YLR426W	19	78
YLR427W	94	160
YLR429W	37	136
YLR432W	116	108
YLR435W	73	166
YLR438W	35	89
YLR439W	50	139
YLR443W	151	101
YLR446W	86	276
YLR448W	41	254
YLR449W	29	83
YLR450W	171	83
YLR451W	100	191
YLR455W	244	397
YLR456W	12	75
YLR459W	12	70
YML130C	57	89
YML129C	15	221
YML128C	94	187
YML125C	23	82
YML124C	27	134
YML123C	46	132
YML120C	60	353
YML115C	48	192
YML114C	28	54
YML110C	36	241
YML107C	13	48
YML105C	31	105
YML104C	36	54
YML101C-A	21	64
YML101C	45	55
YML099C	25	307
YML097C	46	85
YML095C	26	921
YML092C	31	117
YML089C	172	235
YML087C	10	109
YML086C	156	116
YML085C	46	160
YML081C-A	50	142
YML076C	16	157
YML075C	88	109
YML074C	26	101
YML073C	30	77
YML072C	176	146
YML071C	85	44
YML067C	20	84
YML064C	61	197
YML062C	32	80
YML061C	134	66
YML056C	66	79
YML054C	38	88
YML053C	78	106
YML043C	156	144
YML041C	45	83
YML038C	138	215
YML037C	59	637
YML035C	164	233
YML032C	40	204
YML026C	30	189
YML025C	52	106
YML023C	34	49
YML021C	17	161
YML018C	136	117
YML015C	30	121
YML011C	28	120
YML009C	42	198
YML008C	49	94
YML007C-A	11	163
YML006C	170	74
YML004C	15	136
YMR001C	351	159
YMR006C	63	101
YMR008C	165	243
YMR013C	63	87
YMR013C-A	174	1379
YMR015C	54	190
YMR016C	224	135
YMR021C	35	271
YMR023C	40	48
YMR026C	116	89
YMR029C	39	95
YMR031C	79	184
YMR034C	204	107
YMR036C	42	138
YMR037C	432	229
YMR038C	25	121
YMR039C	135	156
YMR041C	107	121
YMR047C	75	80
YMR049C	34	123
YMR052C-A	273	24
YMR053C	0	110
YMR055C	29	79
YMR056C	81	125
YMR060C	21	35
YMR062C	42	83
YMR067C	27	33
YMR071C	58	69
YMR073C	35	119
YMR074C	19	85
YMR076C	90	139
YMR077C	45	157
YMR078C	13	122
YMR080C	79	411
YMR081C	138	185
YMR086C-A	788	1410
YMR088C	109	111
YMR089C	199	201
YMR091C	47	73
YMR092C	55	80
YMR097C	30	59
YMR098C	64	87
YMR099C	23	89
YMR102C	157	119
YMR103C	1055	146
YMR104C	55	664
YMR105C	67	150
YMR106C	49	127
YMR110C	25	152
YMR111C	82	165
YMR112C	55	121
YMR114C	30	91
YMR116C	29	145
YMR117C	22	205
YMR120C	43	147
YMR121C	27	61
YMR122C	679	17
YMR126C	224	96
YMR127C	100	208
YMR131C	40	113
YMR132C	56	241
YMR135C	53	107
YMR137C	40	98
YMR142C	28	109
YMR145C	96	199
YMR146C	50	99
YMR153C-A	1171	818
YMR154C	36	204
YMR156C	17	69
YMR157C	30	119
YMR158C-A	1546	82
YMR163C	145	64
YMR165C	114	106
YMR166C	248	230
YMR168C	38	576
YMR169C	278	55
YMR170C	35	98
YMR171C	201	253
YMR174C	34	166
YMR180C	33	131
YMR181C	178	177
YMR182C	113	442
YMR183C	74	161
YMR187C	37	214
YMR188C	64	124
YMR194C-B	52	262
YMR194C-A	35	109
YMR197C	43	176
YMR201C	34	62
YMR204C	20	299
YMR205C	55	183
YMR209C	33	123
YMR212C	128	137
YMR216C	178	178
YMR218C	38	82
YMR221C	21	101
YMR222C	28	76
YMR224C	44	125
YMR225C	21	174
YMR226C	50	68
YMR227C	47	112
YMR235C	29	179
YMR239C	63	149
YMR240C	98	52
YMR242C	50	107
YMR243C	96	169
YMR244C-A	46	163
YMR252C	40	183
YMR253C	51	26
YMR256C	29	174
YMR257C	388	241
YMR258C	53	41
YMR259C	59	50
YMR260C	25	151
YMR261C	88	145
YMR265C	11	125
YMR268C	42	193
YMR270C	118	144
YMR271C	107	157
YMR272C	39	175
YMR273C	193	75
YMR274C	52	63
YMR275C	51	113
YMR279C	85	67
YMR282C	44	135
YMR283C	79	77
YMR285C	17	150
YMR290C	40	203
YMR293C	30	93
YMR295C	55	178
YMR296C	129	84
YMR299C	19	142
YMR300C	121	78
YMR301C	52	68
YMR302C	47	101
YMR303C	55	109
YMR304C-A	1222	16
YMR305C	129	183
YMR308C	152	70
YMR309C	70	270
YMR310C	45	71
YMR311C	39	111
YMR313C	34	152
YMR316C-A	860	448
YMR316C-B	1027	141
YMR318C	55	152
YMR319C	104	226
YML131W	40	193
YML127W	77	177
YML121W	63	154
YML119W	36	60
YML118W	126	37
YML117W	145	169
YML116W-A	1371	42
YML116W	81	153
YML113W	48	133
YML112W	27	86
YML109W	73	80
YML108W	54	206
YML106W	264	151
YML102W	29	53
YML100W-A	1088	240
YML100W	41	115
YML098W	24	159
YML096W	24	127
YML094W	17	111
YML093W	14	116
YML088W	39	59
YML082W	46	148
YML081W	143	65
YML080W	115	108
YML079W	17	91
YML078W	25	151
YML077W	31	126
YML070W	72	70
YML069W	54	72
YML068W	70	97
YML065W	94	91
YML063W	26	76
YML060W	59	167
YML058W-A	46	132
YML058W	28	253
YML057W	83	102
YML055W	50	55
YML052W	30	94
YML051W	30	107
YML050W	14	120
YML048W	32	209
YML046W	90	95
YML036W	35	52
YML034W	68	168
YML031W	42	76
YML030W	23	220
YML029W	80	281
YML028W	29	112
YML027W	71	142
YML024W	26	94
YML022W	37	202
YML020W	176	174
YML019W	13	261
YML017W	82	362
YML014W	10	96
YML013W	15	225
YML012W	41	140
YML010W	32	254
YML009W-B	1405	211
YML007W	162	213
YML005W	7	50
YML002W	241	179
YML001W	93	104
YMR002W	50	241
YMR003W	36	79
YMR004W	60	148
YMR005W	63	103
YMR007W	12	165
YMR009W	53	105
YMR010W	228	193
YMR011W	38	115
YMR012W	113	123
YMR013W-A	259	84
YMR014W	26	111
YMR020W	45	91
YMR022W	18	147
YMR024W	7	138
YMR025W	12	41
YMR027W	68	65
YMR028W	20	70
YMR030W	176	108
YMR032W	74	154
YMR033W	43	155
YMR035W	29	161
YMR040W	65	78
YMR042W	69	457
YMR043W	64	330
YMR044W	40	178
YMR048W	22	105
YMR052W	20	226
YMR054W	204	118
YMR058W	55	160
YMR059W	41	103
YMR061W	24	104
YMR063W	47	1251
YMR064W	723	113
YMR066W	28	66
YMR068W	14	97
YMR072W	22	141
YMR075W	52	108
YMR079W	35	251
YMR083W	54	101
YMR085W	464	78
YMR086W	71	138
YMR087W	39	34
YMR090W	190	73
YMR093W	45	92
YMR094W	10	621
YMR096W	390	175
YMR100W	354	187
YMR107W	34	155
YMR108W	203	179
YMR109W	41	82
YMR113W	57	62
YMR115W	48	119
YMR119W	198	134
YMR119W-A	1838	86
YMR122W-A	44	247
YMR123W	37	79
YMR124W	315	78
YMR125W	68	161
YMR128W	46	77
YMR129W	48	106
YMR130W	76	108
YMR134W	53	193
YMR136W	74	72
YMR138W	12	102
YMR139W	201	133
YMR140W	52	485
YMR143W	33	102
YMR144W	126	169
YMR147W	39	597
YMR148W	258	165
YMR152W	24	73
YMR153W	47	149
YMR155W	22	141
YMR158W	50	92
YMR160W	47	47
YMR161W	49	381
YMR167W	8	377
YMR173W	46	115
YMR173W-A	254	55
YMR175W	281	116
YMR176W	102	71
YMR177W	123	84
YMR178W	36	147
YMR179W	115	112
YMR182W-A	1363	139
YMR184W	48	46
YMR185W	22	62
YMR186W	33	91
YMR189W	106	79
YMR192W	89	88
YMR193W	31	123
YMR194W	26	89
YMR195W	74	125
YMR196W	88	127
YMR198W	276	118
YMR199W	207	101
YMR200W	116	266
YMR202W	30	66
YMR203W	43	220
YMR206W	138	77
YMR208W	24	109
YMR210W	34	63
YMR211W	22	135
YMR213W	36	55
YMR214W	19	123
YMR215W	63	147
YMR217W	59	87
YMR220W	18	89
YMR223W	212	364
YMR228W	22	87
YMR230W	34	113
YMR231W	44	188
YMR233W	35	166
YMR234W	92	121
YMR236W	20	113
YMR237W	71	163
YMR238W	116	90
YMR241W	145	52
YMR246W	215	180
YMR250W	47	109
YMR251W-A	49	282
YMR255W	53	123
YMR262W	34	220
YMR263W	31	84
YMR264W	46	134
YMR266W	36	187
YMR267W	90	137
YMR269W	44	63
YMR276W	28	108
YMR277W	110	121
YMR278W	40	107
YMR281W	74	95
YMR284W	26	98
YMR286W	22	141
YMR288W	21	54
YMR289W	18	503
YMR291W	78	178
YMR292W	22	96
YMR294W	27	121
YMR297W	50	125
YMR298W	22	119
YMR304W	196	279
YMR307W	51	157
YMR312W	22	106
YMR314W	52	158
YMR315W	65	111
YMR316W	74	59
YMR320W	1143	514
YNL331C	349	214
YNL330C	48	120
YNL329C	18	60
YNL328C	83	308
YNL326C	41	136
YNL325C	25	49
YNL322C	27	87
YNL316C	53	50
YNL315C	10	102
YNL313C	25	82
YNL311C	14	76
YNL310C	32	101
YNL308C	28	130
YNL307C	138	335
YNL305C	31	88
YNL302C	30	152
YNL301C	38	165
YNL294C	174	134
YNL291C	206	120
YNL283C	366	118
YNL280C	81	95
YNL276C	72	1368
YNL274C	61	111
YNL272C	96	112
YNL270C	163	94
YNL265C	30	155
YNL264C	18	147
YNL263C	137	109
YNL259C	21	110
YNL258C	18	93
YNL255C	34	238
YNL254C	48	228
YNL252C	20	123
YNL251C	283	138
YNL249C	22	312
YNL248C	38	201
YNL245C	19	619
YNL244C	24	134
YNL241C	92	205
YNL240C	21	112
YNL231C	95	77
YNL230C	63	379
YNL227C	56	79
YNL225C	32	107
YNL224C	89	137
YNL221C	62	79
YNL219C	146	161
YNL213C	77	106
YNL211C	51	217
YNL206C	7	89
YNL205C	208	1440
YNL204C	1019	167
YNL203C	246	1231
YNL201C	271	195
YNL200C	105	80
YNL199C	119	167
YNL197C	338	684
YNL185C	97	127
YNL183C	204	122
YNL182C	60	94
YNL180C	192	91
YNL177C	44	187
YNL176C	171	251
YNL175C	36	121
YNL173C	52	103
YNL169C	107	111
YNL168C	41	156
YNL167C	350	211
YNL166C	22	95
YNL164C	165	123
YNL163C	62	127
YNL159C	24	461
YNL156C	179	118
YNL154C	214	184
YNL153C	28	231
YNL151C	50	145
YNL149C	33	111
YNL148C	24	166
YNL144C	115	63
YNL140C	821	187
YNL137C	94	160
YNL135C	31	177
YNL134C	58	68
YNL133C	31	114
YNL130C	42	104
YNL130C-A	464	19
YNL125C	197	97
YNL121C	29	216
YNL118C	52	141
YNL115C	35	153
YNL114C	221	303
YNL111C	124	241
YNL110C	46	115
YNL108C	31	154
YNL106C	102	79
YNL104C	117	116
YNL099C	33	256
YNL098C	187	120
YNL097C	108	122
YNL096C	39	194
YNL095C	188	187
YNL084C	60	77
YNL081C	34	186
YNL080C	172	98
YNL079C	35	180
YNL074C	46	157
YNL069C	23	164
YNL068C	186	170
YNL064C	175	144
YNL062C	43	181
YNL059C	16	113
YNL058C	38	112
YNL055C	48	82
YNL050C	35	63
YNL049C	14	109
YNL047C	32	83
YNL043C	117	459
YNL041C	55	179
YNL037C	105	126
YNL035C	40	214
YNL031C	30	250
YNL029C	45	84
YNL025C	53	697
YNL024C-A	63	269
YNL024C	19	103
YNL023C	49	83
YNL022C	22	98
YNL020C	124	152
YNL011C	172	81
YNL008C	27	39
YNL007C	129	68
YNL005C	55	82
YNL003C	41	186
YNL002C	32	82
YNR001C	119	185
YNR002C	111	148
YNR003C	29	100
YNR007C	44	303
YNR011C	10	157
YNR013C	33	102
YNR022C	33	113
YNR026C	36	294
YNR029C	29	88
YNR032C-A	32	141
YNR035C	21	68
YNR036C	10	163
YNR037C	22	133
YNR039C	39	62
YNR041C	28	42
YNR049C	36	95
YNR050C	60	102
YNR051C	741	437
YNR052C	94	65
YNR053C	38	185
YNR054C	35	58
YNR055C	421	84
YNR056C	322	142
YNR057C	103	89
YNR061C	83	319
YNR067C	46	105
YNR069C	156	935
YNR071C	388	130
YNR073C	66	132
YNL327W	31	118
YNL323W	62	130
YNL321W	26	126
YNL320W	57	176
YNL317W	11	97
YNL314W	17	95
YNL312W	39	89
YNL309W	65	186
YNL306W	51	106
YNL304W	38	127
YNL300W	92	256
YNL299W	84	64
YNL298W	165	103
YNL295W	137	137
YNL293W	64	101
YNL292W	14	136
YNL290W	17	99
YNL289W	81	131
YNL288W	136	152
YNL287W	195	232
YNL286W	100	81
YNL281W	29	186
YNL278W	129	192
YNL277W-A	2	318
YNL277W	110	120
YNL275W	80	94
YNL273W	49	54
YNL269W	608	533
YNL268W	55	142
YNL267W	91	131
YNL261W	58	124
YNL256W	52	60
YNL253W	32	151
YNL247W	25	102
YNL246W	7	295
YNL243W	50	80
YNL239W	58	122
YNL238W	271	127
YNL237W	55	184
YNL236W	35	91
YNL234W	47	95
YNL233W	162	85
YNL232W	46	118
YNL228W	608	185
YNL223W	13	81
YNL222W	37	176
YNL220W	52	115
YNL218W	206	181
YNL217W	32	107
YNL216W	83	136
YNL215W	70	59
YNL214W	21	256
YNL212W	60	136
YNL209W	36	113
YNL208W	39	111
YNL207W	118	154
YNL202W	28	98
YNL193W	15	67
YNL192W	148	85
YNL191W	62	89
YNL190W	228	565
YNL189W	192	140
YNL188W	62	22
YNL187W	183	372
YNL186W	199	132
YNL181W	69	92
YNL178W	23	86
YNL170W	923	967
YNL165W	47	151
YNL162W-A	25	375
YNL162W	30	90
YNL161W	140	122
YNL160W	55	228
YNL157W	37	81
YNL155W	115	102
YNL152W	36	79
YNL147W	67	48
YNL146W	104	310
YNL145W	41	172
YNL142W	302	81
YNL141W	25	94
YNL138W-A	38	203
YNL138W	26	145
YNL136W	20	124
YNL132W	91	94
YNL131W	47	292
YNL129W	59	123
YNL127W	53	154
YNL126W	59	84
YNL124W	28	105
YNL123W	33	83
YNL119W	22	132
YNL117W	34	85
YNL116W	48	150
YNL113W	40	179
YNL112W	43	130
YNL109W	95	376
YNL107W	40	167
YNL103W-A	689	305
YNL103W	156	83
YNL101W	187	198
YNL100W	42	116
YNL097W-A	129	21
YNL094W	266	75
YNL093W	173	306
YNL092W	65	96
YNL091W	136	72
YNL090W	159	164
YNL087W	104	184
YNL086W	92	93
YNL085W	266	295
YNL083W	18	285
YNL082W	58	83
YNL078W	20	151
YNL077W	148	91
YNL076W	258	66
YNL075W	59	73
YNL073W	8	93
YNL072W	21	76
YNL071W	46	155
YNL070W	73	143
YNL067W	33	230
YNL066W	195	198
YNL065W	93	130
YNL063W	124	51
YNL061W	30	154
YNL057W	1218	1191
YNL056W	49	106
YNL053W	112	134
YNL052W	19	270
YNL051W	6	48
YNL048W	27	102
YNL046W	170	154
YNL045W	10	72
YNL044W	71	157
YNL042W	765	103
YNL040W	35	153
YNL039W	33	75
YNL038W	15	110
YNL036W	51	99
YNL033W	12	111
YNL032W	140	130
YNL030W	30	176
YNL027W	109	105
YNL026W	19	122
YNL021W	65	151
YNL016W	58	459
YNL015W	44	88
YNL012W	11	159
YNL010W	39	146
YNL009W	34	442
YNL006W	19	219
YNL004W	27	138
YNL001W	44	67
YNR001W-A	57	325
YNR004W	26	401
YNR006W	28	106
YNR008W	55	245
YNR009W	54	163
YNR010W	32	99
YNR012W	65	79
YNR014W	44	163
YNR015W	19	100
YNR017W	180	232
YNR018W	50	126
YNR021W	32	181
YNR023W	40	109
YNR024W	20	105
YNR027W	46	253
YNR028W	67	90
YNR030W	71	140
YNR032W	105	121
YNR033W	10	65
YNR034W	106	262
YNR034W-A	106	103
YNR038W	20	142
YNR040W	5	65
YNR043W	20	163
YNR044W	123	69
YNR045W	42	49
YNR046W	33	136
YNR047W	65	235
YNR048W	51	188
YNR058W	266	30
YNR059W	82	96
YNR060W	30	60
YNR063W	81	1001
YNR072W	537	90
YOL159C-A	75	531
YOL159C	32	69
YOL158C	82	152
YOL157C	54	144
YOL155C	54	105
YOL147C	22	142
YOL145C	51	126
YOL143C	45	73
YOL139C	59	120
YOL136C	231	334
YOL135C	32	119
YOL128C	10	179
YOL126C	121	239
YOL124C	28	113
YOL122C	40	129
YOL121C	30	86
YOL120C	25	114
YOL119C	68	143
YOL118C	438	1734
YOL114C	27	41
YOL111C	54	71
YOL108C	36	222
YOL105C	273	132
YOL102C	19	104
YOL101C	31	93
YOL098C	85	263
YOL097C	25	104
YOL096C	29	111
YOL095C	33	65
YOL094C	44	43
YOL089C	62	172
YOL088C	30	165
YOL087C	281	135
YOL086C	38	89
YOL080C	44	165
YOL077C	36	76
YOL073C	28	57
YOL070C	16	164
YOL068C	245	5
YOL067C	23	1047
YOL066C	47	64
YOL065C	27	66
YOL064C	26	107
YOL063C	73	50
YOL062C	20	78
YOL060C	57	281
YOL055C	47	97
YOL052C-A	33	276
YOL052C	65	131
YOL048C	79	73
YOL043C	83	98
YOL041C	51	159
YOL040C	42	123
YOL038C-A	87	199
YOL037C	58	40
YOL031C	52	116
YOL029C	251	9
YOL028C	217	697
YOL027C	29	196
YOL026C	16	111
YOL022C	30	104
YOL021C	33	98
YOL018C	65	199
YOL016C	101	100
YOL013C	150	54
YOL012C	98	160
YOL009C	52	59
YOL007C	82	360
YOL006C	82	159
YOL005C	37	51
YOL003C	15	125
YOL002C	30	65
YOR005C	34	97
YOR006C	52	93
YOR007C	19	142
YOR008C	217	313
YOR010C	352	92
YOR016C	82	146
YOR020C	38	101
YOR021C	30	153
YOR022C	30	11
YOR023C	77	53
YOR028C	262	325
YOR032C	175	111
YOR033C	128	58
YOR034C	213	105
YOR034C-A	1101	158
YOR035C	20	194
YOR038C	51	96
YOR041C	1220	315
YOR046C	32	74
YOR047C	143	167
YOR048C	49	109
YOR049C	193	201
YOR050C	691	265
YOR051C	42	158
YOR052C	125	267
YOR054C	151	76
YOR056C	77	59
YOR058C	143	290
YOR059C	45	65
YOR060C	27	861
YOR062C	195	72
YOR064C	46	87
YOR067C	41	81
YOR070C	151	77
YOR071C	108	246
YOR074C	48	112
YOR076C	26	79
YOR079C	35	76
YOR081C	48	91
YOR086C	193	117
YOR089C	62	194
YOR090C	114	83
YOR095C	75	166
YOR097C	57	103
YOR098C	69	83
YOR100C	37	265
YOR103C	56	91
YOR115C	51	93
YOR116C	214	102
YOR119C	132	217
YOR122C	28	218
YOR123C	86	60
YOR124C	107	79
YOR125C	49	144
YOR126C	31	99
YOR128C	39	64
YOR129C	78	222
YOR130C	58	81
YOR131C	85	73
YOR137C	361	128
YOR138C	59	66
YOR141C	21	284
YOR143C	83	101
YOR144C	37	139
YOR145C	26	89
YOR148C	22	84
YOR149C	44	321
YOR151C	274	65
YOR152C	189	166
YOR155C	21	109
YOR156C	156	253
YOR157C	65	79
YOR159C	64	233
YOR161C	127	119
YOR162C	183	151
YOR164C	28	206
YOR166C	38	213
YOR167C	23	131
YOR171C	70	190
YOR175C	78	162
YOR179C	29	264
YOR180C	498	258
YOR182C	36	97
YOR185C	58	66
YOR192C	559	728
YOR194C	56	89
YOR196C	24	161
YOR198C	123	224
YOR201C	41	74
YOR205C	15	121
YOR207C	39	129
YOR209C	139	131
YOR211C	203	105
YOR213C	97	344
YOR215C	30	149
YOR216C	59	103
YOR219C	64	343
YOR221C	82	184
YOR224C	29	129
YOR226C	55	157
YOR228C	220	133
YOR234C	31	98
YOR243C	23	246
YOR245C	218	115
YOR246C	68	83
YOR249C	16	75
YOR250C	35	56
YOR251C	33	91
YOR254C	32	93
YOR256C	149	78
YOR259C	25	98
YOR261C	98	83
YOR267C	177	181
YOR270C	171	119
YOR271C	52	113
YOR273C	84	180
YOR275C	8	132
YOR279C	111	82
YOR280C	21	81
YOR281C	34	99
YOR287C	32	64
YOR288C	41	84
YOR292C	40	64
YOR293C-A	53	83
YOR297C	26	129
YOR298C-A	62	226
YOR304C-A	17	332
YOR306C	130	62
YOR307C	172	173
YOR308C	24	184
YOR309C	1296	130
YOR310C	33	247
YOR311C	47	209
YOR312C	42	86
YOR313C	496	211
YOR316C	141	136
YOR316C-A	244	1201
YOR318C	107	129
YOR320C	107	113
YOR322C	240	105
YOR323C	35	101
YOR324C	149	135
YOR327C	92	119
YOR329C	101	89
YOR333C	60	43
YOR335C	112	153
YOR339C	8	251
YOR340C	53	117
YOR342C	108	155
YOR343C	170	826
YOR344C	132	335
YOR347C	59	411
YOR348C	15	173
YOR350C	23	69
YOR354C	25	131
YOR357C	7	110
YOR360C	236	102
YOR362C	39	147
YOR363C	160	330
YOR369C	61	107
YOR370C	317	179
YOR371C	86	84
YOR372C	70	333
YOR375C	62	109
YOR383C	47	200
YOL164W	167	116
YOL163W	715	335
YOL162W	49	121
YOL154W	79	92
YOL152W	10	126
YOL151W	17	69
YOL146W	13	73
YOL144W	48	61
YOL142W	13	70
YOL141W	42	740
YOL140W	275	87
YOL137W	64	216
YOL133W	34	308
YOL130W	252	360
YOL129W	26	124
YOL127W	25	97
YOL125W	55	32
YOL123W	374	133
YOL117W	49	105
YOL116W	131	232
YOL115W	66	117
YOL113W	129	93
YOL112W	141	79
YOL110W	36	151
YOL109W	42	142
YOL107W	57	326
YOL106W	377	13
YOL103W	170	162
YOL097W-A	186	119
YOL093W	39	106
YOL092W	34	42
YOL090W	38	82
YOL086W-A	48	100
YOL085W-A	531	430
YOL083W	94	89
YOL082W	275	97
YOL078W	22	98
YOL077W-A	34	150
YOL076W	22	124
YOL072W	22	91
YOL071W	4	138
YOL069W	27	465
YOL061W	42	153
YOL059W	4	247
YOL058W	65	141
YOL057W	27	147
YOL056W	63	170
YOL054W	66	139
YOL049W	42	123
YOL044W	64	80
YOL042W	66	268
YOL039W	28	205
YOL038W	34	81
YOL036W	387	140
YOL034W	31	67
YOL033W	58	120
YOL032W	86	48
YOL030W	48	180
YOL025W	73	40
YOL023W	17	171
YOL020W	92	109
YOL019W	122	221
YOL017W	67	114
YOL015W	667	137
YOL014W	188	217
YOL011W	740	278
YOL010W	45	102
YOL008W	27	153
YOR001W	22	92
YOR002W	51	111
YOR003W	59	182
YOR004W	37	150
YOR008W-B	266	1900
YOR009W	672	132
YOR012W	36	334
YOR013W	232	69
YOR014W	254	453
YOR015W	1527	48
YOR017W	43	156
YOR018W	47	151
YOR020W-A	96	171
YOR025W	29	150
YOR026W	14	188
YOR027W	44	109
YOR030W	99	553
YOR031W	299	110
YOR032W-A	2293	162
YOR036W	17	75
YOR037W	30	102
YOR039W	150	253
YOR040W	23	144
YOR042W	57	130
YOR043W	392	136
YOR044W	248	196
YOR045W	31	213
YOR057W	57	74
YOR061W	127	211
YOR063W	30	118
YOR065W	289	302
YOR066W	16	213
YOR069W	77	125
YOR073W	50	116
YOR075W	22	55
YOR077W	38	156
YOR078W	38	58
YOR080W	1	166
YOR083W	80	841
YOR084W	457	50
YOR085W	60	109
YOR087W	72	117
YOR091W	67	69
YOR092W	89	202
YOR094W	96	172
YOR096W	42	90
YOR099W	81	95
YOR101W	74	217
YOR104W	26	432
YOR105W	569	401
YOR106W	72	109
YOR107W	281	334
YOR108W	78	106
YOR109W	138	189
YOR110W	83	63
YOR111W	32	315
YOR112W	70	63
YOR113W	79	223
YOR114W	178	206
YOR117W	75	141
YOR118W	197	128
YOR120W	45	134
YOR127W	278	175
YOR132W	80	54
YOR133W	53	180
YOR136W	95	209
YOR140W	318	441
YOR142W	193	211
YOR146W	129	160
YOR147W	37	166
YOR150W	32	108
YOR154W	18	151
YOR158W	27	77
YOR160W	68	84
YOR161W-A	423	1170
YOR161W-B	824	589
YOR163W	46	73
YOR165W	37	167
YOR168W	28	101
YOR172W	44	172
YOR173W	48	117
YOR174W	102	125
YOR176W	67	123
YOR181W	70	94
YOR184W	84	102
YOR186W	83	109
YOR187W	79	131
YOR188W	69	130
YOR189W	27	223
YOR190W	264	205
YOR193W	61	114
YOR195W	70	218
YOR197W	16	110
YOR199W	14	2
YOR202W	10	118
YOR204W	19	601
YOR206W	29	87
YOR208W	185	116
YOR210W	46	291
YOR212W	223	122
YOR217W	87	228
YOR220W	24	165
YOR222W	85	60
YOR223W	42	148
YOR227W	210	161
YOR229W	72	205
YOR230W	62	163
YOR231W	149	218
YOR232W	99	150
YOR233W	154	67
YOR236W	14	63
YOR238W	18	80
YOR239W	38	219
YOR241W	471	144
YOR244W	53	105
YOR247W	233	208
YOR248W	562	184
YOR252W	24	93
YOR253W	29	116
YOR255W	280	176
YOR257W	34	55
YOR258W	17	92
YOR260W	44	121
YOR262W	41	101
YOR264W	53	114
YOR265W	34	120
YOR266W	42	75
YOR269W	84	149
YOR272W	61	79
YOR274W	10	239
YOR276W	42	104
YOR278W	21	98
YOR283W	96	143
YOR284W	47	281
YOR285W	13	89
YOR286W	23	96
YOR289W	6	81
YOR293W	35	141
YOR294W	39	149
YOR295W	63	228
YOR299W	94	67
YOR300W	2204	12
YOR301W	18	304
YOR302W	96	1192
YOR303W	106	65
YOR304W	143	83
YOR305W	70	87
YOR315W	77	399
YOR317W	46	244
YOR319W	24	151
YOR321W	49	58
YOR325W	649	22
YOR326W	201	53
YOR332W	31	70
YOR334W	31	114
YOR336W	25	153
YOR337W	64	231
YOR338W	63	229
YOR346W	179	81
YOR349W	27	66
YOR352W	77	70
YOR355W	505	188
YOR356W	42	114
YOR358W	50	290
YOR359W	123	125
YOR366W	1585	33
YOR367W	20	91
YOR368W	31	128
YOR374W	48	113
YOR376W-A	484	607
YOR377W	46	247
YOR378W	99	69
YOR380W	191	54
YOR381W	490	93
YOR381W-A	1053	628
YOR382W	25	105
YOR384W	23	1033
YOR385W	23	294
YOR386W	14	317
YOR389W	39	379
YOR390W	66	304
YPL272C	856	75
YPL264C	18	263
YPL263C	22	88
YPL261C	239	260
YPL259C	26	206
YPL258C	730	69
YPL256C	175	203
YPL253C	51	95
YPL252C	44	129
YPL250C	67	191
YPL249C-A	38	153
YPL249C	36	65
YPL248C	22	176
YPL246C	49	99
YPL244C	27	116
YPL241C	8	94
YPL240C	47	111
YPL236C	78	250
YPL234C	55	150
YPL227C	138	92
YPL224C	22	189
YPL223C	113	228
YPL214C	107	75
YPL212C	33	171
YPL210C	25	85
YPL209C	73	103
YPL206C	48	112
YPL202C	81	383
YPL199C	26	65
YPL192C	200	84
YPL191C	55	535
YPL190C	94	408
YPL189C-A	86	251
YPL186C	53	149
YPL184C	672	130
YPL183C	31	83
YPL177C	130	117
YPL176C	27	167
YPL174C	149	73
YPL172C	109	139
YPL171C	27	125
YPL169C	36	201
YPL165C	28	316
YPL164C	51	260
YPL163C	23	203
YPL162C	63	712
YPL159C	110	308
YPL158C	70	55
YPL156C	60	132
YPL155C	46	409
YPL154C	263	126
YPL153C	140	180
YPL151C	38	81
YPL148C	126	182
YPL146C	36	143
YPL145C	253	506
YPL140C	219	190
YPL139C	49	91
YPL138C	28	127
YPL137C	71	166
YPL135C-A	257	994
YPL134C	29	107
YPL133C	121	124
YPL128C	71	292
YPL127C	23	193
YPL123C	60	141
YPL122C	42	59
YPL119C-A	819	255
YPL119C	66	209
YPL117C	99	77
YPL115C	290	129
YPL113C	32	88
YPL112C	50	66
YPL109C	77	79
YPL106C	41	159
YPL105C	23	140
YPL103C	29	261
YPL099C	19	192
YPL098C	57	170
YPL096C-A	47	134
YPL095C	33	53
YPL094C	18	79
YPL090C	53	144
YPL089C	253	128
YPL086C	40	119
YPL083C	73	146
YPL078C	57	238
YPL077C	28	352
YPL071C	53	88
YPL069C	32	145
YPL068C	47	65
YPL067C	43	136
YPL064C	14	72
YPL057C	184	446
YPL056C	188	222
YPL055C	10	77
YPL053C	72	110
YPL050C	189	159
YPL049C	70	173
YPL046C	57	219
YPL042C	244	108
YPL041C	31	144
YPL040C	26	68
YPL037C	47	62
YPL033C	0	154
YPL032C	198	359
YPL031C	36	82
YPL026C	57	247
YPL025C	246	213
YPL023C	131	132
YPL020C	114	85
YPL019C	135	82
YPL017C	20	555
YPL015C	56	323
YPL013C	35	154
YPL011C	31	114
YPL009C	23	207
YPL007C	38	108
YPL004C	37	192
YPL002C	28	352
YPR003C	50	207
YPR004C	29	56
YPR005C	230	333
YPR006C	64	73
YPR010C	42	170
YPR010C-A	44	141
YPR011C	97	203
YPR013C	517	256
YPR015C	82	141
YPR016C	100	175
YPR017C	10	195
YPR022C	37	78
YPR023C	40	116
YPR025C	20	129
YPR029C	37	225
YPR033C	6	95
YPR037C	47	128
YPR045C	49	107
YPR049C	48	88
YPR052C	28	199
YPR053C	1075	217
YPR059C	468	856
YPR060C	59	146
YPR061C	40	117
YPR063C	37	193
YPR068C	16	113
YPR069C	42	74
YPR073C	62	235
YPR074C	70	127
YPR075C	59	116
YPR081C	3	130
YPR082C	24	98
YPR085C	87	113
YPR088C	25	94
YPR091C	28	124
YPR093C	64	86
YPR098C	34	145
YPR099C	117	446
YPR102C	38	86
YPR104C	276	328
YPR105C	64	73
YPR107C	84	114
YPR110C	18	196
YPR112C	42	99
YPR120C	118	40
YPR123C	1096	417
YPR128C	45	99
YPR131C	33	191
YPR133C	77	79
YPR138C	225	133
YPR139C	58	95
YPR141C	173	170
YPR144C	35	79
YPR146C	939	382
YPR147C	61	210
YPR148C	52	116
YPR151C	65	85
YPR152C	22	324
YPR155C	57	108
YPR156C	286	166
YPR161C	64	127
YPR162C	23	53
YPR163C	79	161
YPR166C	38	101
YPR167C	58	71
YPR170C	261	230
YPR173C	37	146
YPR174C	41	122
YPR176C	12	144
YPR179C	30	65
YPR181C	60	212
YPR186C	21	125
YPR188C	22	90
YPR190C	30	94
YPR193C	452	1850
YPR194C	314	161
YPR195C	22	126
YPR199C	10	179
YPR200C	1516	78
YPL274W	52	62
YPL273W	90	103
YPL271W	21	168
YPL270W	23	99
YPL269W	12	126
YPL268W	31	57
YPL267W	15	52
YPL266W	56	67
YPL265W	109	279
YPL262W	155	53
YPL260W	90	179
YPL257W	71	900
YPL255W	52	233
YPL254W	236	67
YPL245W	30	57
YPL243W	83	81
YPL239W	83	200
YPL237W	43	107
YPL235W	81	84
YPL233W	65	55
YPL232W	175	79
YPL230W	63	115
YPL229W	30	267
YPL228W	143	182
YPL226W	29	247
YPL225W	31	134
YPL222W	112	83
YPL221W	231	172
YPL220W	20	102
YPL219W	42	136
YPL218W	59	79
YPL215W	29	174
YPL213W	36	133
YPL211W	32	180
YPL208W	14	53
YPL207W	77	79
YPL204W	186	131
YPL203W	162	250
YPL200W	44	138
YPL198W	37	93
YPL196W	40	60
YPL195W	13	106
YPL194W	28	223
YPL193W	42	576
YPL189W	131	122
YPL188W	16	259
YPL187W	50	219
YPL185W	53	179
YPL183W-A	76	147
YPL181W	125	108
YPL180W	46	202
YPL179W	162	250
YPL178W	48	117
YPL175W	51	168
YPL173W	46	147
YPL170W	66	165
YPL168W	145	64
YPL166W	41	1186
YPL160W	73	171
YPL157W	101	390
YPL152W-A	18	595
YPL152W	62	125
YPL149W	60	44
YPL147W	81	113
YPL144W	26	69
YPL143W	29	129
YPL135W	78	365
YPL132W	136	78
YPL131W	29	95
YPL129W	57	106
YPL125W	159	64
YPL124W	39	68
YPL120W	16	117
YPL118W	74	86
YPL116W	189	133
YPL114W	57	1085
YPL111W	46	98
YPL107W	54	204
YPL104W	41	136
YPL101W	39	159
YPL100W	53	60
YPL097W	28	104
YPL096W	25	70
YPL093W	53	232
YPL092W	132	89
YPL091W	26	110
YPL088W	26	84
YPL087W	131	137
YPL084W	41	150
YPL081W	32	177
YPL079W	35	110
YPL076W	140	434
YPL075W	78	218
YPL074W	24	135
YPL072W	148	52
YPL070W	207	183
YPL066W	170	106
YPL065W	8	64
YPL063W	118	120
YPL062W	145	213
YPL061W	44	122
YPL060W	170	53
YPL059W	54	152
YPL054W	85	358
YPL052W	57	90
YPL051W	25	167
YPL048W	50	130
YPL047W	78	377
YPL045W	109	239
YPL043W	46	109
YPL039W	29	132
YPL038W	37	112
YPL034W	334	139
YPL030W	56	107
YPL029W	19	59
YPL028W	64	96
YPL027W	71	121
YPL024W	81	112
YPL022W	72	211
YPL018W	27	1149
YPL014W	34	256
YPL010W	42	146
YPL008W	232	74
YPL006W	42	74
YPL005W	28	106
YPL003W	12	21
YPL001W	29	47
YPR001W	73	146
YPR002W	16	197
YPR008W	312	118
YPR009W	94	82
YPR018W	102	135
YPR019W	76	119
YPR020W	49	120
YPR024W	159	511
YPR028W	55	149
YPR030W	18	87
YPR031W	26	108
YPR032W	50	105
YPR034W	60	249
YPR035W	117	163
YPR036W	42	90
YPR036W-A	75	266
YPR040W	20	72
YPR041W	91	154
YPR043W	31	73
YPR046W	10	72
YPR047W	34	104
YPR048W	24	80
YPR051W	30	120
YPR054W	709	49
YPR055W	47	63
YPR056W	23	141
YPR057W	21	60
YPR058W	55	104
YPR062W	24	95
YPR064W	1815	74
YPR065W	72	188
YPR066W	4	203
YPR067W	37	131
YPR070W	47	334
YPR071W	18	454
YPR072W	101	91
YPR079W	89	83
YPR080W	31	121
YPR083W	39	121
YPR084W	112	143
YPR086W	44	277
YPR089W	52	140
YPR094W	20	70
YPR097W	236	167
YPR100W	33	99
YPR101W	18	197
YPR103W	78	168
YPR106W	19	47
YPR108W	88	174
YPR109W	172	93
YPR111W	40	152
YPR113W	25	113
YPR114W	78	104
YPR115W	199	239
YPR116W	10	455
YPR118W	32	71
YPR119W	357	291
YPR121W	161	63
YPR124W	172	225
YPR125W	96	183
YPR127W	53	80
YPR129W	22	79
YPR132W	24	111
YPR133W-A	35	168
YPR134W	22	125
YPR135W	57	49
YPR137W	74	160
YPR140W	90	95
YPR143W	38	152
YPR145W	42	140
YPR149W	164	359
YPR153W	41	150
YPR154W	38	205
YPR157W	175	116
YPR158W	67	158
YPR159W	207	284
YPR160W	130	150
YPR160W-A	751	2150
YPR165W	205	200
YPR168W	17	1538
YPR169W	50	76
YPR169W-A	28	338
YPR170W-B	28	200
YPR170W-A	167	232
YPR171W	41	93
YPR172W	32	119
YPR175W	29	55
YPR178W	30	53
YPR180W	26	55
YPR182W	59	77
YPR183W	37	97
YPR185W	310	74
YPR187W	23	142
YPR189W	22	127
YPR191W	60	228
YPR192W	15	140
YPR196W	29	423
YPR198W	45	179
YPR201W	152	841
YBL107C	6	119
YBL106C	45	137
YBL105C	266	137
YBL104C	4	33
YBL103C	260	378
YBL101C	107	165
YBL096C	1367	92
YBL094C	920	608
YBL093C	89	150
YBL091C-A	13	132
YBL091C	31	146
YBL087C	38	105
YBL086C	70	47
YBL083C	1035	55
YBL082C	46	54
YBL080C	44	105
YBL078C	32	164
YBL076C	21	90
YBL075C	166	81
YBL074C	19	289
YBL072C	32	111
YBL067C	152	142
YBL066C	39	327
YBL064C	29	65
YBL061C	100	68
YBL059C-A	17	178
YBL057C	25	73
YBL055C	359	94
YBL052C	236	73
YBL051C	63	447
YBL047C	161	141
YBL045C	171	186
YBL042C	61	140
YBL040C	43	94
YBL039C	65	184
YBL039C-A	756	1143
YBL036C	13	146
YBL035C	81	63
YBL033C	28	69
YBL030C	121	267
YBL029C-A	90	128
YBL028C	39	217
YBL023C	75	174
YBL022C	119	76
YBL021C	32	170
YBL018C	41	65
YBL014C	29	117
YBL010C	20	208
YBL007C	52	84
YBL006C	21	182
YBL003C	35	195
YBL001C	45	96
YBR001C	139	69
YBR002C	25	164
YBR004C	23	93
YBR007C	90	141
YBR008C	246	68
YBR009C	39	180
YBR011C	31	112
YBR014C	60	124
YBR015C	99	134
YBR017C	52	102
YBR018C	20	169
YBR019C	30	115
YBR023C	134	154
YBR025C	78	211
YBR026C	45	116
YBR028C	51	176
YBR029C	85	131
YBR034C	26	190
YBR035C	30	116
YBR036C	48	194
YBR037C	37	70
YBR042C	45	73
YBR043C	126	139
YBR044C	58	58
YBR045C	108	138
YBR046C	31	271
YBR049C	96	245
YBR050C	123	38
YBR052C	54	57
YBR053C	12	95
YBR055C	27	93
YBR057C	90	121
YBR058C	49	20
YBR058C-A	53	171
YBR059C	142	79
YBR060C	87	57
YBR061C	24	88
YBR062C	25	101
YBR063C	488	57
YBR065C	42	484
YBR066C	65	99
YBR067C	51	129
YBR068C	39	202
YBR069C	105	157
YBR070C	38	43
YBR076C-A	207	177
YBR077C	51	308
YBR079C	25	89
YBR080C	26	141
YBR082C	72	167
YBR084C-A	41	81
YBR085C-A	52	371
YBR086C	280	132
YBR088C	40	77
YBR089C-A	32	178
YBR091C	41	101
YBR092C	29	51
YBR093C	47	64
YBR095C	29	92
YBR099C	1436	23
YBR101C	50	41
YBR102C	64	123
YBR105C	31	152
YBR107C	55	337
YBR109C	39	188
YBR111C	49	67
YBR112C	184	222
YBR120C	83	60
YBR121C	93	114
YBR121C-A	931	1076
YBR122C	35	196
YBR123C	52	46
YBR126C	92	131
YBR127C	49	163
YBR128C	46	78
YBR129C	35	107
YBR130C	52	103
YBR132C	152	303
YBR133C	129	104
YBR138C	61	149
YBR141C	31	103
YBR143C	36	147
YBR154C	87	90
YBR156C	52	177
YBR157C	835	129
YBR162C	187	276
YBR164C	119	137
YBR166C	43	101
YBR167C	45	95
YBR169C	25	178
YBR170C	34	130
YBR172C	86	105
YBR173C	28	144
YBR174C	715	161
YBR177C	29	165
YBR179C	70	76
YBR181C	39	98
YBR182C	174	308
YBR182C-A	51	157
YBR185C	29	179
YBR188C	68	183
YBR193C	28	254
YBR195C	20	139
YBR196C	42	157
YBR197C	11	444
YBR198C	72	91
YBR201C-A	188	239
YBR204C	44	227
YBR216C	30	228
YBR218C	89	116
YBR220C	67	151
YBR221C	203	233
YBR222C	45	114
YBR223C	23	243
YBR227C	49	80
YBR229C	9	131
YBR230C	33	98
YBR231C	47	47
YBR234C	37	66
YBR236C	38	151
YBR238C	84	133
YBR239C	149	93
YBR241C	40	61
YBR243C	44	168
YBR247C	33	132
YBR248C	74	80
YBR249C	90	111
YBR254C	8	122
YBR255C-A	31	99
YBR256C	27	64
YBR258C	33	72
YBR260C	23	129
YBR261C	25	128
YBR262C	35	118
YBR264C	22	39
YBR269C	21	156
YBR270C	257	44
YBR272C	15	189
YBR273C	21	107
YBR276C	95	70
YBR280C	31	165
YBR281C	41	110
YBR283C	144	157
YBR288C	35	90
YBR291C	36	89
YBR296C	66	248
YBR298C	397	93
YBL102W	88	165
YBL100W-C	55	140
YBL099W	304	213
YBL097W	58	170
YBL095W	21	118
YBL092W	42	97
YBL090W	17	123
YBL089W	39	84
YBL085W	192	116
YBL081W	314	125
YBL071W-A	35	438
YBL069W	81	147
YBL068W-A	1125	147
YBL068W	42	164
YBL063W	0	78
YBL060W	18	38
YBL058W	31	117
YBL056W	82	269
YBL054W	115	145
YBL050W	67	67
YBL049W	61	259
YBL046W	0	183
YBL043W	133	183
YBL041W	35	75
YBL039W-B	211	135
YBL038W	63	92
YBL037W	98	131
YBL032W	76	203
YBL031W	30	150
YBL027W	31	96
YBL026W	65	134
YBL025W	58	466
YBL024W	23	125
YBL020W	55	80
YBL019W	40	112
YBL015W	85	251
YBL011W	93	181
YBL009W	34	118
YBL008W	64	81
YBL005W	62	285
YBL002W	53	212
YBR003W	29	134
YBR005W	58	156
YBR006W	116	136
YBR010W	28	157
YBR016W	30	207
YBR020W	58	121
YBR021W	114	138
YBR022W	62	157
YBR024W	113	176
YBR030W	83	56
YBR031W	24	93
YBR032W	764	70
YBR033W	73	138
YBR038W	51	186
YBR039W	70	175
YBR041W	53	142
YBR047W	53	101
YBR048W	28	211
YBR054W	317	377
YBR056W	45	49
YBR056W-A	27	451
YBR071W	59	270
YBR072W	68	164
YBR074W	5	62
YBR078W	170	300
YBR083W	255	89
YBR084W	38	142
YBR085W	98	177
YBR087W	11	60
YBR094W	60	3
YBR096W	61	74
YBR098W	19	162
YBR103W	160	48
YBR104W	83	88
YBR106W	41	122
YBR108W	36	184
YBR109W-A	4	1497
YBR110W	180	108
YBR111W-A	34	167
YBR114W	88	79
YBR118W	52	96
YBR119W	48	120
YBR126W-A	23	154
YBR126W-B	100	134
YBR131W	30	75
YBR135W	94	191
YBR137W	73	135
YBR139W	11	159
YBR141W-A	26	485
YBR142W	58	177
YBR145W	56	101
YBR146W	52	202
YBR147W	145	46
YBR149W	38	124
YBR151W	113	130
YBR152W	68	676
YBR153W	74	175
YBR155W	45	90
YBR158W	259	155
YBR159W	44	166
YBR160W	78	94
YBR161W	227	140
YBR162W-A	35	105
YBR163W	102	88
YBR165W	92	149
YBR168W	127	156
YBR171W	26	125
YBR175W	13	103
YBR176W	97	145
YBR178W	65	128
YBR183W	97	81
YBR184W	0	147
YBR187W	114	144
YBR189W	31	70
YBR191W	36	126
YBR191W-A	901	43
YBR192W	163	257
YBR194W	77	163
YBR199W	93	177
YBR200W	63	222
YBR201W	136	124
YBR202W	65	177
YBR203W	212	207
YBR205W	30	160
YBR206W	1000	72
YBR207W	58	117
YBR210W	38	13
YBR212W	377	206
YBR213W	70	196
YBR214W	79	184
YBR215W	37	118
YBR217W	51	309
YBR228W	0	128
YBR230W-A	41	138
YBR233W	109	150
YBR233W-A	39	212
YBR235W	81	94
YBR237W	44	80
YBR242W	154	69
YBR244W	36	120
YBR246W	35	107
YBR251W	48	99
YBR252W	18	73
YBR253W	50	34
YBR255W	36	143
YBR257W	47	66
YBR259W	46	130
YBR263W	40	93
YBR265W	36	133
YBR267W	17	120
YBR268W	18	125
YBR271W	26	98
YBR274W	50	157
YBR278W	25	92
YBR279W	38	147
YBR282W	31	88
YBR285W	55	141
YBR286W	20	72
YBR287W	51	120
YBR289W	22	58
YBR290W	22	117
YBR293W	353	52
YBR295W	16	21
YBR297W	46	237
YBR299W	28	129
YCL064C	19	127
YCL061C	66	167
YCL059C	34	106
YCL057C-A	26	134
YCL056C	34	28
YCL052C	40	170
YCL050C	62	108
YCL049C	55	141
YCL047C	11	92
YCL045C	40	56
YCL044C	53	174
YCL043C	49	89
YCL038C	56	78
YCL037C	67	543
YCL035C	45	116
YCL033C	11	75
YCL031C	33	115
YCL030C	60	107
YCL029C	50	246
YCL026C-B	37	62
YCL026C-A	99	214
YCL025C	31	82
YCL017C	101	152
YCL016C	40	142
YCL012C	26	127
YCL011C	44	110
YCL010C	20	651
YCL009C	28	129
YCL008C	11	132
YCL002C	37	174
YCR002C	55	120
YCR004C	109	185
YCR005C	60	147
YCR006C	397	1712
YCR007C	660	80
YCR009C	56	282
YCR010C	216	182
YCR011C	113	57
YCR015C	33	81
YCR017C	37	185
YCR020C	396	95
YCR020C-A	18	163
YCR021C	100	171
YCR022C	264	280
YCR023C	77	241
YCR024C	19	142
YCR024C-B	165	190
YCR024C-A	157	314
YCR025C	472	75
YCR026C	74	205
YCR027C	184	296
YCR028C	88	258
YCR028C-A	61	154
YCR030C	85	173
YCR031C	26	128
YCR035C	18	153
YCR037C	44	97
YCR043C	43	166
YCR044C	9	90
YCR045C	162	62
YCR046C	22	111
YCR047C	80	183
YCR054C	55	180
YCR057C	62	113
YCR059C	19	176
YCR064C	2	17
YCR067C	111	76
YCR071C	32	79
YCR072C	26	81
YCR073C	60	72
YCR075C	12	144
YCR076C	17	105
YCR077C	42	132
YCR084C	225	95
YCR087C-A	36	63
YCR090C	28	76
YCR092C	36	155
YCR095C	38	56
YCR098C	64	258
YCR099C	132	266
YCR102C	70	265
YCL063W	40	153
YCL058W-A	22	71
YCL057W	8	115
YCL055W	15	126
YCL054W	17	113
YCL051W	284	117
YCL040W	37	167
YCL039W	31	65
YCL036W	19	96
YCL034W	45	77
YCL032W	48	100
YCL028W	32	124
YCL027W	145	105
YCL021W-A	90	100
YCL018W	34	76
YCL005W-A	25	111
YCL005W	46	137
YCL004W	78	77
YCL001W	26	81
YCR003W	22	105
YCR008W	482	263
YCR012W	40	158
YCR016W	26	166
YCR019W	135	114
YCR020W-B	32	483
YCR034W	26	163
YCR036W	17	92
YCR045W-A	617	687
YCR048W	44	195
YCR051W	24	161
YCR052W	41	210
YCR053W	56	115
YCR061W	37	305
YCR063W	31	481
YCR065W	130	326
YCR066W	50	165
YCR068W	138	114
YCR069W	152	121
YCR073W-A	18	119
YCR075W-A	14	88
YCR079W	32	126
YCR082W	41	107
YCR083W	35	123
YCR086W	65	53
YCR088W	38	126
YCR091W	59	453
YCR094W	42	255
YCR095W-A	140	1401
YCR097W	12	22
YCR106W	22	344
YCR107W	578	258
YDL243C	704	106
YDL238C	28	69
YDL235C	114	143
YDL234C	137	69
YDL226C	23	220
YDL224C	373	146
YDL222C	908	410
YDL220C	20	356
YDL217C	172	121
YDL216C	10	129
YDL215C	123	154
YDL214C	167	111
YDL213C	19	73
YDL211C	79	155
YDL209C	26	196
YDL205C	184	217
YDL203C	185	179
YDL200C	26	72
YDL199C	55	84
YDL198C	40	122
YDL197C	68	94
YDL190C	193	208
YDL188C	164	127
YDL187C	630	151
YDL184C	22	217
YDL183C	74	73
YDL177C	64	90
YDL175C	27	218
YDL174C	28	92
YDL169C	26	73
YDL167C	56	148
YDL166C	54	86
YDL164C	29	162
YDL160C-A	28	219
YDL160C	265	442
YDL158C	449	6
YDL157C	35	205
YDL153C	32	106
YDL148C	30	281
YDL145C	255	167
YDL144C	38	99
YDL142C	63	117
YDL139C	35	121
YDL135C	45	253
YDL134C	479	82
YDL133C-A	38	213
YDL126C	50	71
YDL125C	174	117
YDL121C	19	175
YDL119C	58	150
YDL115C	42	94
YDL113C	63	110
YDL111C	61	63
YDL110C	57	189
YDL106C	58	244
YDL104C	19	89
YDL103C	63	164
YDL101C	42	128
YDL100C	36	81
YDL098C	27	138
YDL097C	45	91
YDL094C	2112	114
YDL091C	88	102
YDL090C	15	131
YDL088C	128	154
YDL087C	22	160
YDL086C-A	129	262
YDL085C-A	50	174
YDL083C	30	143
YDL081C	58	108
YDL080C	185	167
YDL079C	36	118
YDL078C	56	111
YDL076C	123	194
YDL074C	72	114
YDL072C	58	88
YDL069C	133	114
YDL067C	46	250
YDL065C	19	69
YDL063C	87	104
YDL061C	42	185
YDL055C	149	153
YDL054C	78	79
YDL053C	176	179
YDL052C	33	85
YDL049C	87	259
YDL048C	50	86
YDL045C	128	127
YDL044C	25	76
YDL043C	38	291
YDL042C	50	114
YDL040C	46	112
YDL036C	9	204
YDL035C	284	135
YDL033C	39	222
YDL028C	133	154
YDL027C	46	145
YDL025C	196	131
YDL024C	11	254
YDL020C	231	130
YDL019C	213	90
YDL018C	60	186
YDL015C	38	234
YDL012C	17	171
YDL005C	51	217
YDL002C	74	285
YDR001C	233	111
YDR005C	117	167
YDR006C	106	99
YDR010C	355	38
YDR016C	33	131
YDR017C	75	173
YDR018C	29	133
YDR019C	29	179
YDR020C	103	410
YDR022C	28	96
YDR026C	150	89
YDR027C	123	73
YDR028C	489	278
YDR030C	8	94
YDR032C	69	170
YDR034C	139	137
YDR036C	42	139
YDR042C	58	103
YDR045C	150	220
YDR046C	85	82
YDR048C	2251	2417
YDR050C	30	82
YDR051C	41	60
YDR052C	147	241
YDR054C	174	467
YDR056C	65	104
YDR058C	36	132
YDR059C	41	124
YDR066C	116	104
YDR067C	58	89
YDR069C	63	305
YDR070C	97	150
YDR071C	63	91
YDR072C	137	94
YDR078C	17	128
YDR079C-A	42	191
YDR081C	87	35
YDR084C	42	231
YDR085C	88	84
YDR086C	72	190
YDR087C	42	93
YDR088C	194	187
YDR090C	86	337
YDR091C	57	342
YDR097C	64	61
YDR101C	27	119
YDR105C	59	86
YDR107C	15	173
YDR109C	185	148
YDR111C	221	177
YDR113C	85	74
YDR116C	25	119
YDR117C	33	56
YDR120C	0	210
YDR123C	76	645
YDR125C	86	1243
YDR129C	49	146
YDR130C	28	270
YDR131C	75	79
YDR132C	102	117
YDR133C	236	174
YDR135C	49	94
YDR139C	40	174
YDR142C	169	112
YDR143C	141	183
YDR144C	140	110
YDR146C	164	66
YDR148C	115	142
YDR151C	116	198
YDR153C	120	115
YDR154C	279	25
YDR155C	41	128
YDR162C	125	198
YDR164C	42	129
YDR166C	49	102
YDR169C	366	244
YDR173C	56	142
YDR175C	47	116
YDR179C	21	123
YDR181C	22	178
YDR183C-A	888	6
YDR184C	39	217
YDR185C	103	184
YDR186C	89	122
YDR190C	46	85
YDR192C	58	92
YDR194C	19	155
YDR196C	19	96
YDR198C	27	50
YDR200C	65	132
YDR202C	31	53
YDR215C	121	1435
YDR219C	204	200
YDR224C	40	127
YDR228C	83	67
YDR231C	25	160
YDR233C	39	113
YDR236C	47	109
YDR238C	29	196
YDR239C	25	72
YDR240C	20	59
YDR243C	29	335
YDR248C	66	98
YDR249C	58	130
YDR253C	182	74
YDR255C	45	747
YDR256C	42	180
YDR257C	20	304
YDR258C	29	106
YDR259C	212	144
YDR260C	40	373
YDR261C	56	126
YDR263C	99	154
YDR264C	63	242
YDR266C	216	134
YDR267C	57	154
YDR276C	41	225
YDR277C	134	210
YDR281C	46	195
YDR282C	12	192
YDR284C	271	80
YDR286C	15	92
YDR289C	26	81
YDR292C	132	120
YDR294C	43	54
YDR295C	238	81
YDR298C	146	177
YDR300C	62	121
YDR303C	298	115
YDR304C	37	92
YDR305C	620	65
YDR306C	52	181
YDR308C	41	141
YDR309C	78	334
YDR310C	278	195
YDR313C	76	178
YDR314C	45	107
YDR315C	47	108
YDR319C	55	74
YDR320C	25	91
YDR320C-A	10	92
YDR322C-A	25	206
YDR323C	30	186
YDR328C	53	200
YDR329C	29	73
YDR333C	29	216
YDR338C	59	124
YDR339C	24	91
YDR341C	36	113
YDR342C	91	142
YDR343C	86	160
YDR345C	32	144
YDR346C	157	271
YDR348C	199	174
YDR349C	94	122
YDR350C	48	75
YDR357C	90	67
YDR359C	306	122
YDR361C	34	152
YDR362C	104	54
YDR364C	23	397
YDR365C	64	87
YDR369C	36	106
YDR370C	10	63
YDR372C	274	153
YDR375C	16	65
YDR378C	18	183
YDR379C-A	30	139
YDR381C-A	9	118
YDR383C	27	67
YDR384C	115	156
YDR387C	115	160
YDR390C	35	82
YDR391C	40	81
YDR397C	64	110
YDR404C	192	163
YDR407C	106	69
YDR408C	56	114
YDR410C	48	98
YDR411C	38	64
YDR414C	197	138
YDR415C	44	94
YDR422C	56	290
YDR423C	15	69
YDR424C	26	43
YDR428C	33	107
YDR429C	25	125
YDR430C	79	46
YDR435C	12	146
YDR441C	135	244
YDR447C	35	162
YDR449C	41	70
YDR451C	53	160
YDR453C	68	92
YDR454C	23	103
YDR458C	49	174
YDR459C	96	108
YDR461C-A	24	168
YDR465C	52	158
YDR467C	891	789
YDR468C	100	114
YDR470C	91	175
YDR473C	68	104
YDR475C	98	111
YDR476C	26	202
YDR479C	48	84
YDR481C	47	26
YDR482C	45	137
YDR485C	27	152
YDR486C	31	144
YDR487C	53	111
YDR490C	95	99
YDR495C	49	151
YDR496C	28	120
YDR497C	75	103
YDR498C	35	50
YDR500C	28	96
YDR502C	48	293
YDR503C	56	172
YDR504C	1529	226
YDR505C	155	178
YDR506C	35	424
YDR507C	38	181
YDR508C	44	214
YDR514C	61	91
YDR516C	62	106
YDR520C	82	126
YDR524C	72	277
YDR524C-B	39	293
YDR524C-A	386	344
YDR529C	31	212
YDR530C	98	134
YDR532C	23	62
YDR533C	28	96
YDR534C	120	228
YDR535C	265	1649
YDR540C	122	302
YDR541C	183	188
YDL248W	7	616
YDL241W	66	249
YDL240W	178	239
YDL237W	32	183
YDL236W	37	145
YDL233W	22	172
YDL232W	19	258
YDL230W	26	42
YDL229W	30	102
YDL225W	50	106
YDL221W	855	625
YDL219W	31	80
YDL218W	351	228
YDL212W	39	156
YDL208W	37	127
YDL207W	31	74
YDL206W	149	38
YDL204W	436	179
YDL202W	53	129
YDL201W	59	77
YDL195W	119	130
YDL193W	81	192
YDL192W	43	154
YDL191W	31	99
YDL189W	91	94
YDL185W	103	124
YDL182W	31	88
YDL181W	74	116
YDL180W	132	44
YDL179W	87	152
YDL178W	25	103
YDL176W	163	115
YDL170W	15	131
YDL168W	56	97
YDL165W	39	45
YDL161W	16	124
YDL159W	46	140
YDL156W	94	988
YDL155W	149	131
YDL150W	106	95
YDL149W	45	93
YDL147W	43	146
YDL146W	183	118
YDL143W	35	105
YDL141W	231	263
YDL138W	176	144
YDL137W	97	144
YDL136W	33	92
YDL133W	144	99
YDL131W	50	102
YDL130W-A	29	165
YDL130W	29	107
YDL129W	116	429
YDL128W	61	173
YDL127W	45	167
YDL124W	53	72
YDL123W	30	398
YDL122W	212	69
YDL120W	70	147
YDL117W	310	128
YDL116W	62	71
YDL108W	23	53
YDL107W	33	152
YDL105W	44	383
YDL102W	86	123
YDL099W	44	77
YDL095W	39	110
YDL093W	48	268
YDL092W	23	150
YDL089W	280	72
YDL086W	10	69
YDL085W	51	87
YDL084W	134	87
YDL082W	33	128
YDL075W	31	82
YDL073W	180	56
YDL070W	37	157
YDL066W	28	184
YDL064W	29	122
YDL057W	19	41
YDL051W	29	112
YDL046W	52	277
YDL045W-A	33	126
YDL041W	34	417
YDL031W	52	88
YDL030W	66	91
YDL029W	28	155
YDL025W-A	120	1892
YDL022W	74	204
YDL021W	24	75
YDL017W	78	123
YDL014W	113	178
YDL013W	141	114
YDL010W	39	279
YDL008W	21	114
YDL007W	38	84
YDL006W	321	116
YDL004W	43	241
YDL003W	112	124
YDL001W	68	116
YDR002W	40	180
YDR003W	37	64
YDR003W-A	315	169
YDR007W	65	103
YDR009W	79	105
YDR012W	32	84
YDR013W	16	89
YDR014W	51	397
YDR021W	80	54
YDR023W	34	147
YDR025W	26	97
YDR031W	25	153
YDR033W	253	448
YDR034W-B	31	229
YDR035W	29	213
YDR037W	54	80
YDR041W	14	172
YDR044W	69	137
YDR047W	221	76
YDR049W	37	106
YDR055W	61	127
YDR057W	37	86
YDR060W	50	88
YDR061W	55	125
YDR062W	360	271
YDR063W	96	75
YDR064W	33	92
YDR065W	37	570
YDR068W	48	92
YDR073W	104	258
YDR074W	110	238
YDR075W	188	150
YDR076W	55	1017
YDR077W	43	330
YDR079W	31	199
YDR080W	37	56
YDR082W	75	141
YDR083W	22	115
YDR089W	86	92
YDR092W	40	94
YDR094W	1515	5
YDR096W	89	214
YDR099W	79	227
YDR100W	26	186
YDR103W	589	46
YDR106W	22	47
YDR108W	41	90
YDR110W	38	183
YDR115W	40	128
YDR118W	17	126
YDR118W-A	1903	82
YDR119W	84	70
YDR119W-A	44	256
YDR121W	120	108
YDR122W	307	151
YDR124W	532	465
YDR126W	5	262
YDR127W	49	107
YDR137W	100	152
YDR138W	12	327
YDR140W	14	110
YDR145W	71	134
YDR147W	71	37
YDR152W	30	66
YDR156W	40	107
YDR157W	443	21
YDR158W	26	135
YDR161W	29	82
YDR165W	42	82
YDR167W	32	100
YDR168W	40	106
YDR171W	77	84
YDR172W	44	143
YDR174W	23	178
YDR176W	35	58
YDR177W	93	111
YDR178W	94	196
YDR179W-A	87	89
YDR180W	143	51
YDR182W	30	117
YDR182W-A	11	279
YDR183W	41	64
YDR188W	54	163
YDR189W	42	114
YDR191W	31	109
YDR195W	239	84
YDR197W	33	114
YDR201W	29	150
YDR204W	22	119
YDR205W	13	73
YDR206W	338	104
YDR208W	151	118
YDR210W	21	232
YDR211W	39	160
YDR212W	65	108
YDR213W	219	40
YDR214W	118	90
YDR221W	13	170
YDR222W	139	151
YDR223W	204	345
YDR225W	77	169
YDR226W	49	127
YDR227W	121	166
YDR229W	93	54
YDR232W	243	181
YDR234W	58	110
YDR235W	11	83
YDR237W	142	130
YDR242W	107	131
YDR244W	25	127
YDR245W	77	151
YDR246W	13	154
YDR247W	272	357
YDR251W	300	135
YDR252W	8	623
YDR254W	79	520
YDR262W	11	192
YDR265W	189	187
YDR268W	59	103
YDR270W	83	78
YDR272W	51	85
YDR273W	310	33
YDR275W	645	285
YDR279W	78	27
YDR280W	88	104
YDR287W	48	86
YDR288W	39	123
YDR296W	53	93
YDR297W	41	163
YDR299W	41	89
YDR301W	70	134
YDR302W	43	73
YDR307W	43	136
YDR311W	33	102
YDR312W	32	186
YDR316W	23	79
YDR317W	34	81
YDR318W	30	110
YDR320W-B	231	1331
YDR321W	36	105
YDR322W	21	94
YDR325W	31	97
YDR330W	59	199
YDR331W	26	123
YDR332W	25	73
YDR335W	365	101
YDR336W	23	70
YDR337W	49	57
YDR347W	85	117
YDR351W	49	153
YDR352W	178	216
YDR353W	48	97
YDR354W	76	69
YDR356W	48	326
YDR358W	52	161
YDR363W	176	819
YDR363W-A	22	180
YDR367W	51	55
YDR368W	56	162
YDR371W	50	108
YDR374W-A	21	170
YDR376W	63	80
YDR377W	53	294
YDR379W	126	64
YDR380W	98	128
YDR381W	83	192
YDR382W	81	151
YDR385W	42	162
YDR386W	11	109
YDR388W	51	121
YDR389W	516	184
YDR392W	53	133
YDR393W	43	166
YDR394W	93	87
YDR395W	108	97
YDR398W	57	122
YDR399W	59	113
YDR400W	45	169
YDR403W	50	205
YDR405W	46	135
YDR412W	49	151
YDR416W	71	32
YDR418W	34	96
YDR419W	5	335
YDR421W	79	29
YDR425W	46	111
YDR427W	30	90
YDR432W	28	328
YDR433W	832	284
YDR434W	96	115
YDR436W	140	162
YDR437W	67	1311
YDR438W	63	95
YDR439W	87	163
YDR440W	87	103
YDR442W	14	727
YDR444W	85	58
YDR448W	23	103
YDR450W	27	115
YDR452W	138	151
YDR456W	50	106
YDR460W	124	100
YDR461W	23	148
YDR462W	42	128
YDR463W	40	203
YDR466W	95	178
YDR469W	24	104
YDR471W	30	117
YDR472W	65	124
YDR477W	281	137
YDR478W	29	212
YDR483W	44	112
YDR484W	42	105
YDR489W	18	331
YDR492W	160	86
YDR493W	88	116
YDR494W	53	77
YDR499W	30	101
YDR501W	109	175
YDR510W	55	149
YDR511W	25	83
YDR513W	22	95
YDR515W	227	101
YDR517W	83	103
YDR518W	36	50
YDR519W	39	243
YDR525W-A	49	227
YDR527W	51	121
YDR528W	307	104
YDR531W	50	78
YDR536W	41	146
YDR538W	718	231
YDR539W	55	93
YEL073C	21	704
YEL068C	50	237
YEL067C	169	695
YEL064C	31	262
YEL063C	231	291
YEL061C	123	125
YEL060C	55	228
YEL059C-A	59	64
YEL057C	97	106
YEL055C	55	72
YEL054C	35	127
YEL053C	68	83
YEL050C	44	166
YEL048C	21	599
YEL046C	102	576
YEL039C	156	108
YEL037C	165	156
YEL036C	145	84
YEL034C-A	53	176
YEL029C	76	117
YEL023C	564	121
YEL017C-A	39	460
YEL016C	183	92
YEL009C	524	95
YEL008C-A	58	416
YEL005C	25	78
YEL002C	59	108
YEL001C	39	102
YER003C	31	153
YER007C-A	32	152
YER010C	29	101
YER017C	81	163
YER018C	52	104
YER019C-A	53	61
YER026C	31	123
YER027C	84	213
YER028C	61	56
YER029C	66	93
YER031C	31	165
YER036C	33	109
YER038C	10	748
YER039C	166	113
YER039C-A	26	464
YER043C	34	227
YER044C	62	125
YER045C	240	122
YER048C	76	121
YER050C	57	124
YER052C	82	112
YER053C	98	143
YER053C-A	50	369
YER054C	549	182
YER055C	62	83
YER056C	87	121
YER056C-A	32	99
YER057C	43	101
YER061C	40	62
YER062C	86	175
YER064C	82	256
YER065C	268	122
YER071C	22	223
YER075C	162	123
YER076C	147	161
YER078C	180	84
YER082C	54	92
YER083C	18	49
YER085C	56	127
YER087C-B	40	213
YER088C	89	140
YER088C-A	1515	425
YER089C	312	84
YER091C	70	225
YER093C	56	58
YER093C-A	21	130
YER094C	90	154
YER099C	32	74
YER101C	49	153
YER105C	19	124
YER107C	187	117
YER109C	191	276
YER110C	112	152
YER113C	133	146
YER114C	298	201
YER115C	217	101
YER116C	100	366
YER118C	186	179
YER119C	26	107
YER122C	52	134
YER124C	40	341
YER126C	35	147
YER130C	67	219
YER134C	40	254
YER135C	31	1524
YER137C	31	161
YER139C	105	703
YER142C	28	87
YER144C	15	117
YER145C	26	128
YER147C	63	77
YER149C	67	78
YER151C	80	75
YER152C	106	52
YER156C	25	107
YER158C	181	114
YER159C	168	125
YER161C	47	271
YER162C	35	115
YER163C	34	102
YER168C	37	71
YER174C	125	97
YER175C	24	222
YER180C	100	57
YER180C-A	48	382
YER181C	609	51
YER183C	6	89
YER184C	346	345
YER186C	119	212
YEL072W	130	258
YEL071W	36	106
YEL070W	63	132
YEL066W	34	77
YEL065W	47	80
YEL062W	13	139
YEL059W	190	2201
YEL058W	31	147
YEL056W	44	140
YEL052W	43	66
YEL051W	47	127
YEL049W	186	142
YEL044W	56	99
YEL043W	37	95
YEL042W	144	144
YEL041W	107	418
YEL040W	16	138
YEL038W	19	59
YEL034W	53	203
YEL032W	48	152
YEL031W	20	102
YEL028W	600	534
YEL027W	63	253
YEL026W	98	82
YEL024W	76	444
YEL022W	74	74
YEL021W	33	67
YEL020W-A	33	109
YEL018W	20	103
YEL017W	41	91
YEL015W	41	78
YEL013W	249	444
YEL012W	95	102
YEL011W	31	85
YEL008W	112	369
YEL006W	33	367
YEL004W	32	112
YEL003W	19	124
YER001W	49	119
YER002W	49	94
YER004W	105	261
YER005W	49	127
YER006W	39	89
YER007W	21	95
YER009W	34	174
YER011W	54	154
YER012W	61	138
YER014W	45	97
YER015W	31	250
YER016W	20	126
YER019W	328	81
YER020W	63	192
YER021W	31	126
YER022W	21	99
YER023W	33	87
YER024W	32	119
YER025W	45	263
YER030W	23	131
YER032W	79	259
YER034W	18	249
YER035W	69	172
YER037W	23	220
YER038W-A	72	633
YER040W	82	262
YER041W	72	195
YER042W	41	130
YER046W	85	54
YER048W-A	76	328
YER049W	65	92
YER051W	16	103
YER058W	32	125
YER059W	182	95
YER060W	129	130
YER063W	61	158
YER066W	892	150
YER067W	107	90
YER068W	86	98
YER069W	56	123
YER070W	53	197
YER072W	41	146
YER073W	78	161
YER074W	40	119
YER074W-A	29	222
YER079W	77	253
YER080W	31	99
YER081W	259	183
YER086W	69	129
YER087W	46	129
YER088W-B	1427	819
YER090W	67	121
YER092W	9	215
YER095W	44	228
YER096W	97	188
YER098W	182	406
YER100W	103	92
YER102W	25	135
YER103W	180	128
YER104W	18	380
YER112W	60	93
YER117W	28	102
YER120W	34	109
YER121W	46	116
YER123W	188	379
YER125W	491	393
YER127W	21	100
YER128W	28	136
YER131W	65	143
YER133W	69	421
YER136W	95	324
YER137W-A	2054	486
YER140W	44	229
YER141W	53	239
YER143W	43	161
YER146W	46	85
YER148W	193	189
YER150W	172	165
YER154W	530	65
YER157W	23	52
YER165W	130	150
YER167W	302	10
YER169W	235	201
YER170W	45	348
YER171W	106	100
YER175W-A	1151	761
YER176W	37	114
YER177W	43	141
YER178W	28	134
YER182W	35	90
YER187W	695	154
YER188W	144	230
YFL057C	186	113
YFL054C	65	65
YFL050C	779	285
YFL048C	33	116
YFL045C	75	144
YFL044C	19	211
YFL042C	24	69
YFL039C	120	170
YFL038C	46	100
YFL034C-B	54	173
YFL034C-A	42	70
YFL029C	46	72
YFL028C	24	74
YFL027C	15	74
YFL025C	63	156
YFL024C	298	384
YFL022C	42	115
YFL021C-A	637	30
YFL020C	206	115
YFL018C	60	83
YFL017C	32	108
YFL016C	35	103
YFL013C	33	145
YFL010C	29	162
YFL002C	25	135
YFR003C	55	164
YFR005C	20	227
YFR011C	32	161
YFR014C	54	214
YFR015C	83	139
YFR016C	52	44
YFR017C	75	109
YFR018C	50	168
YFR024C-A	25	199
YFR025C	24	104
YFR026C	984	79
YFR028C	31	76
YFR031C	78	48
YFR031C-A	39	106
YFR032C-A	54	96
YFR033C	106	141
YFR034C	35	235
YFR035C	20	1044
YFR037C	25	124
YFR039C	112	67
YFR041C	23	123
YFR043C	23	55
YFR044C	32	90
YFR046C	1	85
YFR047C	27	103
YFR050C	53	126
YFR051C	36	73
YFR052C-A	1343	6
YFR053C	104	169
YFL055W	155	405
YFL052W	16	605
YFL049W	26	147
YFL047W	8	73
YFL046W	30	149
YFL041W-A	831	61
YFL041W	22	170
YFL037W	62	225
YFL036W	219	100
YFL034W	175	114
YFL031W	66	414
YFL030W	8	88
YFL026W	502	198
YFL023W	14	92
YFL021W	105	7
YFL017W-A	36	72
YFL014W	59	185
YFL012W	61	159
YFL009W	186	95
YFL008W	41	103
YFL005W	137	217
YFL004W	90	152
YFL001W	47	32
YFR001W	38	81
YFR002W	15	93
YFR004W	39	90
YFR006W	31	89
YFR007W	30	61
YFR008W	38	347
YFR009W	57	72
YFR009W-A	1410	680
YFR010W	58	97
YFR012W-A	1247	222
YFR013W	47	142
YFR020W	831	177
YFR021W	94	107
YFR022W	276	112
YFR027W	17	133
YFR029W	58	72
YFR030W	86	57
YFR034W-A	446	294
YFR036W	27	135
YFR038W	18	88
YFR042W	42	104
YFR045W	16	104
YFR048W	45	35
YFR049W	144	118
YFR052W	27	77
YFR055W	116	478
YGL257C	116	122
YGL252C	38	91
YGL246C	29	135
YGL242C	55	149
YGL237C	84	137
YGL236C	25	70
YGL231C	20	79
YGL230C	29	92
YGL229C	229	184
YGL226C-A	40	160
YGL224C	89	72
YGL223C	5	44
YGL222C	78	150
YGL221C	19	80
YGL219C	39	84
YGL213C	29	108
YGL204C	86	498
YGL203C	67	80
YGL201C	52	185
YGL200C	44	113
YGL199C	218	516
YGL194C-A	173	142
YGL194C	61	123
YGL193C	373	50
YGL190C	540	214
YGL188C-A	0	669
YGL187C	92	285
YGL186C	46	49
YGL185C	23	80
YGL179C	88	90
YGL176C	45	103
YGL167C	376	176
YGL164C	37	86
YGL163C	123	135
YGL161C	76	133
YGL154C	20	68
YGL147C	38	103
YGL146C	38	366
YGL144C	39	60
YGL143C	31	120
YGL142C	45	119
YGL136C	26	126
YGL129C	62	149
YGL128C	16	184
YGL127C	35	147
YGL124C	26	121
YGL122C	14	234
YGL121C	101	146
YGL120C	47	93
YGL112C	41	130
YGL110C	23	96
YGL108C	35	186
YGL107C	19	115
YGL104C	13	137
YGL095C	67	92
YGL094C	179	147
YGL091C	56	146
YGL087C	36	124
YGL084C	53	115
YGL078C	70	184
YGL077C	137	84
YGL076C	36	109
YGL075C	192	334
YGL070C	29	286
YGL065C	43	59
YGL064C	9	73
YGL063C-A	0	1094
YGL061C	73	103
YGL057C	16	161
YGL056C	87	79
YGL054C	57	299
YGL049C	169	167
YGL048C	28	96
YGL044C	217	262
YGL041C-B	349	142
YGL041C	21	460
YGL040C	76	207
YGL038C	71	280
YGL037C	75	141
YGL032C	160	100
YGL031C	41	104
YGL028C	167	281
YGL027C	31	92
YGL026C	28	104
YGL023C	40	128
YGL020C	50	79
YGL018C	35	136
YGL015C	206	108
YGL013C	27	99
YGL011C	25	189
YGL009C	71	165
YGL008C	236	421
YGL007C-A	922	75
YGL005C	23	223
YGL004C	15	45
YGL003C	103	156
YGL001C	54	140
YGR001C	18	77
YGR002C	9	267
YGR005C	30	112
YGR008C	87	155
YGR009C	43	101
YGR015C	19	196
YGR018C	490	364
YGR020C	64	157
YGR027C	53	89
YGR030C	17	94
YGR033C	91	276
YGR035C	82	167
YGR036C	165	640
YGR037C	49	219
YGR043C	33	165
YGR044C	89	215
YGR047C	35	90
YGR050C	77	96
YGR053C	103	64
YGR057C	73	337
YGR061C	109	77
YGR062C	18	77
YGR063C	17	127
YGR065C	110	95
YGR067C	97	109
YGR068C	36	395
YGR071C	40	197
YGR073C	929	27
YGR075C	40	481
YGR076C	51	98
YGR077C	36	52
YGR078C	31	75
YGR081C	29	135
YGR085C	40	95
YGR086C	89	281
YGR087C	32	115
YGR095C	57	45
YGR102C	14	156
YGR104C	39	51
YGR106C	60	99
YGR109C	76	114
YGR117C	23	266
YGR119C	89	86
YGR120C	39	171
YGR121C	49	140
YGR122C-A	258	442
YGR123C	41	161
YGR128C	38	106
YGR130C	90	175
YGR132C	51	225
YGR138C	280	145
YGR146C	273	180
YGR146C-A	108	170
YGR147C	63	111
YGR148C	34	124
YGR150C	25	122
YGR151C	615	70
YGR152C	113	89
YGR154C	288	221
YGR158C	52	225
YGR159C	68	144
YGR161C	82	139
YGR168C	41	82
YGR169C	20	99
YGR169C-A	77	376
YGR171C	23	114
YGR172C	30	131
YGR175C	41	179
YGR177C	68	216
YGR178C	213	126
YGR179C	27	96
YGR180C	33	122
YGR183C	53	358
YGR185C	32	94
YGR187C	52	129
YGR188C	53	129
YGR189C	71	109
YGR192C	39	106
YGR193C	89	104
YGR194C	433	103
YGR196C	59	112
YGR197C	176	66
YGR200C	40	75
YGR201C	13	57
YGR202C	42	130
YGR207C	39	118
YGR209C	53	83
YGR210C	106	99
YGR213C	4	143
YGR216C	33	112
YGR220C	16	105
YGR221C	87	63
YGR223C	50	73
YGR229C	167	115
YGR231C	63	153
YGR233C	189	72
YGR235C	40	113
YGR236C	15	193
YGR237C	88	155
YGR238C	34	121
YGR239C	34	86
YGR240C	233	220
YGR241C	153	77
YGR244C	103	83
YGR245C	87	112
YGR246C	20	165
YGR250C	242	111
YGR253C	50	80
YGR255C	83	89
YGR257C	99	66
YGR258C	22	50
YGR259C	328	264
YGR261C	41	94
YGR262C	29	108
YGR263C	29	71
YGR264C	28	192
YGR267C	159	88
YGR268C	15	259
YGR271C-A	18	93
YGR274C	18	85
YGR277C	18	76
YGR279C	95	267
YGR280C	23	221
YGR282C	37	234
YGR283C	34	104
YGR284C	40	185
YGR285C	16	78
YGR286C	110	140
YGR287C	135	149
YGR289C	331	157
YGL263W	12	57
YGL258W	662	265
YGL256W	498	183
YGL255W	215	96
YGL254W	9	738
YGL253W	47	192
YGL250W	28	215
YGL248W	112	65
YGL247W	20	97
YGL245W	24	72
YGL244W	46	92
YGL241W	19	94
YGL240W	24	851
YGL238W	20	98
YGL234W	65	93
YGL233W	46	65
YGL232W	22	69
YGL228W	39	152
YGL227W	45	189
YGL226W	10	76
YGL225W	51	125
YGL220W	942	176
YGL216W	267	47
YGL215W	472	462
YGL212W	22	200
YGL211W	23	110
YGL210W	36	116
YGL209W	47	134
YGL208W	37	129
YGL207W	89	129
YGL205W	197	190
YGL202W	110	109
YGL198W	7	57
YGL196W	81	110
YGL192W	85	39
YGL191W	36	237
YGL181W	53	108
YGL180W	373	350
YGL174W	17	164
YGL172W	32	99
YGL171W	26	98
YGL169W	59	135
YGL166W	17	152
YGL162W	137	136
YGL160W	108	134
YGL159W	16	176
YGL158W	388	125
YGL157W	67	92
YGL156W	82	148
YGL155W	99	381
YGL153W	25	47
YGL151W	45	91
YGL148W	35	112
YGL145W	56	111
YGL141W	38	117
YGL139W	314	237
YGL137W	24	170
YGL135W	64	97
YGL134W	97	81
YGL130W	52	147
YGL125W	139	279
YGL123W	64	89
YGL119W	42	107
YGL117W	79	94
YGL116W	143	98
YGL115W	107	81
YGL114W	232	67
YGL113W	43	248
YGL111W	31	169
YGL106W	22	132
YGL105W	23	108
YGL103W	24	81
YGL101W	28	238
YGL100W	37	88
YGL099W	29	50
YGL098W	50	516
YGL097W	47	103
YGL096W	547	108
YGL093W	66	38
YGL090W	32	675
YGL085W	42	173
YGL083W	68	137
YGL082W	90	156
YGL081W	109	289
YGL080W	58	261
YGL079W	28	119
YGL073W	84	57
YGL071W	428	137
YGL068W	41	179
YGL067W	75	38
YGL066W	191	246
YGL063W	194	397
YGL062W	48	80
YGL060W	130	93
YGL059W	35	98
YGL058W	60	245
YGL055W	62	231
YGL053W	99	155
YGL050W	29	215
YGL047W	65	31
YGL045W	54	210
YGL043W	22	271
YGL041W-A	27	138
YGL039W	127	108
YGL030W	64	111
YGL029W	45	181
YGL022W	65	87
YGL019W	81	111
YGL017W	22	77
YGL016W	56	174
YGL014W	409	67
YGL012W	31	99
YGL010W	58	198
YGL007W	37	332
YGL006W	467	133
YGL002W	25	189
YGR003W	23	239
YGR004W	60	257
YGR006W	18	592
YGR007W	31	139
YGR010W	94	226
YGR011W	1046	123
YGR012W	22	56
YGR013W	42	262
YGR014W	219	127
YGR016W	18	466
YGR017W	167	114
YGR019W	43	92
YGR021W	32	84
YGR023W	157	271
YGR026W	131	160
YGR028W	44	154
YGR029W	4	127
YGR031W	67	448
YGR034W	48	108
YGR038W	144	146
YGR039W	41	1857
YGR040W	213	492
YGR041W	315	120
YGR042W	61	84
YGR046W	103	341
YGR048W	55	80
YGR049W	78	205
YGR054W	171	197
YGR055W	33	124
YGR056W	48	95
YGR058W	21	281
YGR060W	54	203
YGR064W	169	130
YGR068W-A	387	787
YGR072W	65	123
YGR074W	23	300
YGR080W	30	88
YGR082W	47	140
YGR088W	25	86
YGR089W	273	130
YGR090W	277	96
YGR091W	69	119
YGR092W	59	144
YGR093W	85	81
YGR094W	7	90
YGR096W	38	71
YGR097W	49	149
YGR099W	59	63
YGR100W	90	117
YGR101W	42	90
YGR103W	28	165
YGR105W	49	172
YGR107W	206	267
YGR108W	218	182
YGR110W	51	100
YGR111W	40	119
YGR112W	58	179
YGR113W	62	241
YGR116W	56	191
YGR118W	23	179
YGR122W	157	343
YGR124W	37	180
YGR125W	65	153
YGR126W	74	789
YGR127W	66	215
YGR129W	35	278
YGR131W	51	100
YGR134W	150	167
YGR135W	64	91
YGR136W	17	249
YGR137W	467	140
YGR141W	20	373
YGR142W	134	95
YGR145W	40	76
YGR149W	106	155
YGR153W	21	97
YGR155W	36	132
YGR156W	138	92
YGR157W	164	106
YGR161W-C	35	264
YGR163W	66	68
YGR165W	46	141
YGR166W	85	76
YGR167W	64	168
YGR170W	56	275
YGR173W	44	49
YGR174W-A	124	112
YGR181W	49	181
YGR186W	18	67
YGR191W	201	218
YGR195W	108	79
YGR198W	37	101
YGR199W	41	97
YGR203W	45	185
YGR204W	39	86
YGR205W	126	125
YGR206W	24	87
YGR208W	51	68
YGR211W	70	192
YGR212W	64	846
YGR214W	36	107
YGR215W	51	114
YGR218W	296	204
YGR222W	9	92
YGR224W	34	220
YGR225W	111	119
YGR227W	79	153
YGR230W	106	129
YGR232W	22	55
YGR234W	25	274
YGR243W	84	114
YGR247W	122	128
YGR248W	27	102
YGR249W	308	495
YGR251W	28	384
YGR252W	48	199
YGR254W	45	148
YGR256W	62	112
YGR260W	198	125
YGR266W	56	156
YGR278W	10	89
YGR281W	205	240
YGR288W	46	489
YGR292W	28	129
YHL047C	37	164
YHL046C	1006	131
YHL040C	186	371
YHL038C	35	135
YHL037C	327	11
YHL034C	105	152
YHL033C	20	384
YHL032C	45	61
YHL031C	25	60
YHL029C	30	79
YHL026C	75	122
YHL023C	32	109
YHL021C	60	107
YHL020C	79	107
YHL019C	34	88
YHL016C	277	114
YHL014C	21	60
YHL013C	31	113
YHL011C	100	142
YHL010C	53	169
YHL009C	115	250
YHL008C	160	172
YHL007C	117	141
YHL006C	63	331
YHL005C	2216	7
YHL003C	134	231
YHR003C	19	117
YHR005C	75	95
YHR005C-A	34	167
YHR007C	135	267
YHR007C-A	254	659
YHR008C	71	153
YHR009C	230	116
YHR013C	41	96
YHR016C	56	187
YHR018C	55	170
YHR019C	50	103
YHR021C	51	93
YHR022C	433	385
YHR022C-A	34	724
YHR024C	33	223
YHR027C	53	146
YHR028C	40	104
YHR029C	25	82
YHR030C	121	141
YHR031C	41	152
YHR034C	34	24
YHR039C	82	109
YHR039C-A	27	92
YHR041C	11	100
YHR043C	102	87
YHR044C	50	113
YHR046C	92	170
YHR047C	46	148
YHR057C	24	82
YHR058C	38	65
YHR061C	52	268
YHR062C	21	91
YHR063C	43	80
YHR064C	33	106
YHR065C	38	115
YHR069C	14	143
YHR069C-A	804	1438
YHR071C-A	31	58
YHR073C-B	438	9
YHR075C	51	66
YHR077C	56	90
YHR079C	253	218
YHR082C	645	215
YHR089C	40	184
YHR090C	24	254
YHR091C	40	93
YHR092C	75	70
YHR094C	32	106
YHR097C	123	100
YHR098C	80	142
YHR100C	46	117
YHR101C	32	260
YHR107C	58	160
YHR112C	90	175
YHR118C	38	72
YHR129C	97	102
YHR130C	1587	65
YHR131C	78	244
YHR132C	37	119
YHR133C	18	82
YHR135C	109	102
YHR136C	193	94
YHR138C	64	122
YHR139C	11	294
YHR141C	38	94
YHR144C	14	85
YHR147C	35	115
YHR149C	101	140
YHR151C	165	137
YHR153C	17	111
YHR156C	41	35
YHR161C	147	91
YHR166C	79	109
YHR180C-B	9	665
YHR182C-A	121	87
YHR188C	37	80
YHR191C	36	117
YHR193C	32	64
YHR193C-A	55	261
YHR198C	0	121
YHR199C	29	91
YHR201C	23	76
YHR203C	51	121
YHR210C	106	181
YHL048W	7	91
YHL045W	406	33
YHL044W	30	233
YHL042W	373	96
YHL039W	52	68
YHL036W	46	70
YHL028W	69	80
YHL027W	98	201
YHL025W	51	103
YHL018W	14	1392
YHL017W	13	135
YHL015W	38	57
YHL006W-A	257	52
YHL004W	88	101
YHL002W	31	59
YHL001W	28	123
YHR001W	31	127
YHR001W-A	61	224
YHR002W	138	138
YHR006W	43	127
YHR010W	32	128
YHR011W	59	62
YHR012W	21	296
YHR017W	26	77
YHR020W	85	84
YHR025W	30	86
YHR026W	124	164
YHR032W	105	407
YHR032W-A	1857	122
YHR033W	22	205
YHR035W	49	254
YHR036W	119	224
YHR037W	37	169
YHR038W	23	104
YHR040W	21	94
YHR042W	47	134
YHR045W	130	90
YHR048W	64	320
YHR049W	42	134
YHR050W	159	55
YHR050W-A	579	73
YHR051W	110	281
YHR052W	30	141
YHR056W-A	180	387
YHR059W	52	101
YHR060W	17	79
YHR066W	34	131
YHR067W	29	331
YHR068W	56	161
YHR070W	18	348
YHR072W	58	102
YHR072W-A	52	158
YHR073W	78	156
YHR073W-A	364	2681
YHR074W	59	133
YHR076W	27	139
YHR078W	41	114
YHR081W	28	139
YHR083W	16	94
YHR084W	320	304
YHR085W	31	106
YHR086W	200	214
YHR087W	131	184
YHR088W	32	93
YHR102W	178	95
YHR103W	205	170
YHR104W	92	152
YHR105W	86	210
YHR106W	14	133
YHR108W	38	115
YHR109W	25	76
YHR110W	22	113
YHR111W	18	64
YHR113W	18	135
YHR116W	758	167
YHR117W	24	99
YHR119W	235	141
YHR120W	27	67
YHR121W	67	98
YHR122W	34	158
YHR123W	15	149
YHR127W	37	204
YHR128W	48	211
YHR132W-A	45	160
YHR134W	1	127
YHR137W	44	114
YHR140W	16	88
YHR142W	123	79
YHR143W	268	235
YHR143W-A	38	266
YHR146W	34	55
YHR148W	23	336
YHR150W	53	147
YHR152W	61	110
YHR154W	49	82
YHR157W	22	166
YHR159W	75	289
YHR162W	167	116
YHR163W	19	138
YHR167W	52	121
YHR168W	34	198
YHR169W	46	91
YHR170W	48	121
YHR171W	9	116
YHR172W	117	427
YHR174W	30	133
YHR175W	0	258
YHR175W-A	656	45
YHR176W	79	112
YHR178W	52	173
YHR179W	51	103
YHR181W	33	95
YHR182W	35	47
YHR183W	77	129
YHR187W	30	110
YHR190W	49	104
YHR192W	35	80
YHR194W	48	89
YHR195W	164	174
YHR196W	54	59
YHR197W	17	114
YHR200W	24	81
YHR202W	32	62
YHR204W	44	74
YHR205W	430	211
YHR206W	372	118
YHR208W	37	152
YHR209W	33	89
YHR216W	44	185
YIL169C	42	276
YIL166C	416	94
YIL165C	172	177
YIL160C	27	105
YIL157C	14	163
YIL155C	39	340
YIL154C	25	78
YIL150C	31	283
YIL147C	216	282
YIL146C	356	215
YIL145C	36	244
YIL139C	21	107
YIL138C	22	348
YIL137C	39	82
YIL135C	58	155
YIL133C	31	102
YIL132C	8	405
YIL131C	57	144
YIL127C	29	107
YIL119C	201	296
YIL117C	85	118
YIL115C	142	57
YIL114C	31	112
YIL109C	87	115
YIL107C	168	9
YIL105C	141	86
YIL104C	34	98
YIL102C-A	50	366
YIL101C	85	96
YIL098C	27	94
YIL096C	27	97
YIL094C	53	137
YIL093C	75	118
YIL091C	31	77
YIL088C	49	95
YIL087C	48	92
YIL086C	38	599
YIL085C	65	64
YIL084C	42	1129
YIL083C	99	96
YIL079C	35	103
YIL077C	402	133
YIL075C	33	104
YIL074C	94	79
YIL071C	23	245
YIL070C	55	123
YIL069C	45	179
YIL068C	36	82
YIL067C	59	68
YIL065C	39	92
YIL063C	45	41
YIL062C	38	113
YIL061C	19	33
YIL059C	548	566
YIL057C	71	101
YIL052C	46	91
YIL051C	42	133
YIL047C-A	1101	167
YIL047C	18	180
YIL044C	35	129
YIL043C	22	108
YIL042C	38	110
YIL038C	238	172
YIL035C	120	172
YIL034C	21	75
YIL033C	94	172
YIL030C	57	79
YIL029C	105	382
YIL027C	43	111
YIL026C	55	143
YIL024C	102	111
YIL023C	15	122
YIL020C	36	98
YIL017C	70	117
YIL014C-A	71	207
YIL009C-A	12	94
YIL007C	44	154
YIL004C	19	132
YIL002C	166	82
YIR001C	58	329
YIR002C	91	114
YIR008C	22	85
YIR011C	16	96
YIR017C	23	202
YIR018C-A	784	219
YIR020C	1018	576
YIR024C	41	92
YIR026C	40	96
YIR030C	33	54
YIR031C	125	56
YIR032C	62	88
YIR034C	35	70
YIR035C	29	77
YIR036C	35	68
YIR038C	24	133
YIR039C	23	151
YIR042C	80	190
YIL162W	39	220
YIL161W	10	42
YIL159W	24	59
YIL158W	11	85
YIL156W-B	13	106
YIL153W	26	55
YIL152W	26	124
YIL148W	31	83
YIL144W	80	85
YIL142W	27	69
YIL140W	121	124
YIL136W	34	99
YIL134W	36	67
YIL128W	76	131
YIL126W	70	134
YIL125W	267	203
YIL124W	31	118
YIL123W	190	312
YIL122W	281	138
YIL121W	19	172
YIL118W	114	147
YIL116W	52	27
YIL113W	34	106
YIL112W	44	130
YIL111W	31	69
YIL110W	31	149
YIL108W	24	83
YIL106W	38	89
YIL103W	50	73
YIL097W	14	116
YIL095W	169	70
YIL092W	64	97
YIL090W	138	327
YIL089W	30	401
YIL078W	37	79
YIL076W	20	119
YIL056W	127	56
YIL054W	1130	164
YIL053W	33	153
YIL050W	82	136
YIL049W	6	69
YIL046W-A	193	68
YIL046W	54	113
YIL045W	98	144
YIL041W	22	107
YIL040W	18	98
YIL039W	29	103
YIL036W	163	129
YIL031W	170	128
YIL030W-A	368	23
YIL028W	472	866
YIL022W	105	239
YIL021W	62	142
YIL019W	20	173
YIL018W	35	100
YIL016W	39	65
YIL015W	198	76
YIL014W	164	108
YIL011W	32	114
YIL010W	39	179
YIL009W	14	235
YIL008W	61	130
YIL006W	114	242
YIL005W	133	175
YIL003W	39	90
YIL002W-A	28	146
YIL001W	70	59
YIR003W	35	70
YIR004W	40	116
YIR005W	9	76
YIR007W	13	82
YIR009W	62	444
YIR010W	76	109
YIR012W	25	73
YIR014W	24	12
YIR016W	42	80
YIR018W	21	459
YIR021W	36	60
YIR022W	31	107
YIR023W	18	110
YIR025W	33	132
YIR029W	99	44
YIR033W	45	64
YIR037W	61	120
YIR041W	1433	133
